ID,objectType,imageIndex,height,width,length,distance,k_u0,k_u1,k_v0,k_v1,k_area,y_u0,y_u1,y_v0,y_v1,y_area,overlap,diff_u0,diff_u1,diff_v0,diff_v1
110926_0013_0,Car,0,1.3816636,1.5105618,4.1015043,6.288256856426976,895.1283666143889,1242.0,190.6953023154128,375.0,63930.071526494015,892.0,1239.0,205.0,367.0,56214.0,0.8645237931778761,3.1283666143889377,3.0,14.304697684587211,8.0
110926_0013_0,Car,1,1.3816636,1.5105618,4.1015043,6.5127811425198106,880.446555964801,1242.0,190.2162772692252,375.0,66809.19135495693,880.0,1240.0,205.0,366.0,57960.0,0.865537735746785,0.4465559648009503,2.0,14.783722730774798,9.0
110926_0013_0,Car,2,1.3816636,1.5105618,4.1015043,6.742355729180861,866.9033249899966,1242.0,189.77539791591525,375.0,69477.13237179114,866.0,1239.0,202.0,369.0,62291.0,0.8924592944346751,0.9033249899965767,3.0,12.22460208408475,6.0
110926_0013_0,Car,3,1.3816636,1.5105618,4.1015043,6.97648208220806,854.3713952671665,1242.0,189.36828359383256,375.0,71956.16322468373,855.0,1238.0,202.0,370.0,64344.0,0.8942111018216093,0.6286047328335371,4.0,12.631716406167442,5.0
110926_0013_0,Car,4,1.3816636,1.5105618,4.1015043,7.214717033066322,842.7417863121842,1242.0,188.99119972554413,375.0,74265.54132779295,842.0,1239.0,199.0,371.0,68284.0,0.9161654316900595,0.7417863121842174,3.0,10.008800274455865,4.0
110926_0013_0,Car,5,1.3816636,1.5105618,4.1015043,7.456666823480331,831.9206344361564,1242.0,188.64094271670064,375.0,76422.00397781139,834.0,1238.0,198.0,371.0,69892.0,0.9145533532501017,2.0793655638435666,4.0,9.359057283299364,4.0
110926_0013_0,Car,6,1.3816636,1.5105618,4.1015043,7.719192099824459,821.5972276045846,1242.0,187.37253020897325,375.0,78879.10847768468,825.0,1240.0,199.0,371.0,71380.0,0.9049290918417745,3.4027723954153544,2.0,11.627469791026755,4.0
110926_0013_0,Car,7,1.3816636,1.5105618,4.1015043,7.986893450429666,812.0074724173836,1231.8026994708891,186.7862667226921,375.0,79011.22689573541,814.0,1235.0,198.0,371.0,72833.0,0.9084452776453099,1.9925275826163897,3.197300529110862,11.21373327730791,4.0
110926_0013_0,Car,8,1.3816636,1.5105618,4.1015043,8.266957814926961,803.1182786601004,1191.1210256448085,189.92481509633677,375.0,71809.6801413241,812.0,1209.0,194.0,372.0,70666.0,0.8998749034976113,8.881721339899627,17.87897435519153,4.075184903663228,3.0
110926_0013_0,Car,9,1.3816636,1.5105618,4.1015043,8.531161425188674,794.7135732019697,1154.9017077683682,185.4757085230489,375.0,68264.4010021014,798.0,1159.0,197.0,367.0,61370.0,0.8798189257835994,3.286426798030334,4.098292231631831,11.524291476951106,8.0
110926_0013_0,Car,10,1.3816636,1.5105618,4.1015043,8.70963414654309,788.4328580595893,1131.764246706476,185.6981943144985,369.8549163584378,63226.78310800438,793.0,1125.0,194.0,361.0,55444.0,0.8769068624808922,4.567141940410693,6.7642467064758875,8.301805685501506,8.854916358437777
110926_0013_0,Car,11,1.3816636,1.5105618,4.1015043,9.083127528118153,782.4649314443785,1098.7701556857126,183.47050045637397,353.60398703140527,53814.11062207527,786.0,1099.0,191.0,353.0,50706.0,0.9409006375568493,3.5350685556214785,0.22984431428744756,7.529499543626031,0.6039870314052678
110926_0013_0,Car,12,1.3816636,1.5105618,4.1015043,9.363028476619098,778.3084080886625,1077.0722852546749,183.30756120127407,345.25013126101,48382.59010927528,780.0,1075.0,192.0,345.0,45135.0,0.9328768860463985,1.6915919113374684,2.0722852546748527,8.69243879872593,0.25013126100998306
110926_0013_0,Car,13,1.3816636,1.5105618,4.1015043,9.642343463229727,774.3744632844173,1057.304895387801,182.41451435191416,336.44459604753376,43579.79757106115,773.0,1051.0,192.0,335.0,39754.0,0.903626170907888,1.3744632844172884,6.304895387801025,9.585485648085836,1.4445960475337642
110926_0013_0,Car,14,1.3816636,1.5105618,4.1015043,9.921034639339126,770.6443594726617,1039.218268836537,180.79578170814054,327.1584382436598,39309.19085062656,766.0,1032.0,189.0,328.0,36974.0,0.8987866435760554,4.644359472661677,7.218268836536936,8.204218291859462,0.8415617563401838
110926_0013_0,Car,15,1.3816636,1.5105618,4.1015043,10.213897989623295,767.1830179864429,1022.767864113616,184.7809343732562,327.38225951206226,36446.73774313273,761.0,1014.0,190.0,324.0,33902.0,0.887276807169936,6.183017986442906,8.767864113616042,5.219065626743799,3.3822595120622623
110926_0013_0,Car,16,1.3816636,1.5105618,4.1015043,10.51387173242529,762.34658281293,1004.4127629264232,184.0436336095938,320.0900073923052,32932.22601987343,759.0,994.0,188.0,317.0,30315.0,0.8956764433074615,3.3465828129300235,10.41276292642317,3.9563663904062025,3.0900073923052105
110926_0013_0,Car,17,1.3816636,1.5105618,4.1015043,10.81523396515836,757.7722784575271,987.5631598312049,183.3460991251466,313.4003382869427,29885.278243372206,759.0,979.0,186.0,308.0,26840.0,0.8981010576989502,1.2277215424728638,8.563159831204871,2.653900874853406,5.400338286942713
110926_0013_0,Car,18,1.3816636,1.5105618,4.1015043,11.11787180131512,753.439355972483,972.0411275392679,182.6851981647952,307.2415251069121,27228.233729398416,753.0,966.0,186.0,307.0,25773.0,0.9427610710951644,0.43935597248298563,6.0411275392679045,3.314801835204804,0.24152510691209272
110926_0013_0,Car,19,1.3816636,1.5105618,4.1015043,11.421683777221721,749.329201151984,957.6957179728222,182.05811879676924,301.55279177534,24898.688787189923,752.0,952.0,188.0,300.0,22400.0,0.8996457681548489,2.670798848016034,5.6957179728221945,5.941881203230764,1.5527917753399834
110926_0013_0,Car,20,1.3816636,1.5105618,4.1015043,11.72657867596905,745.425064324886,944.3980268478381,181.46232947920748,296.28229671447974,22846.069037590416,748.0,939.0,185.0,297.0,21392.0,0.9248044038696447,2.574935675114034,5.398026847838082,3.537670520792517,0.7177032855202583
110926_0013_0,Car,21,1.3816636,1.5105618,4.1015043,12.062052862062238,740.5731059166443,930.31707565276,181.9575144642513,292.5626019963359,20986.64838134829,742.0,925.0,186.0,292.0,19398.0,0.9243019489114712,1.4268940833557053,5.317075652759968,4.04248553574871,0.5626019963358999
110926_0013_0,Car,22,1.3816636,1.5105618,4.1015043,12.39867212532105,735.9731131804058,917.284644486072,182.42691098378575,289.1193853094236,19344.575898771876,738.0,914.0,185.0,290.0,18480.0,0.9397652037360334,2.0268868195942105,3.284644486072011,2.5730890162142543,0.8806146905764081
110926_0013_0,Car,23,1.3816636,1.5105618,4.1015043,12.736345698731093,731.6059680276181,905.1877951624514,182.87248352520564,285.922923650707,17887.683684033258,733.0,904.0,188.0,286.0,16758.0,0.9354196639727724,1.3940319723818675,1.1877951624513798,5.127516474794362,0.07707634929300866
110926_0013_0,Car,24,1.3816636,1.5105618,4.1015043,13.074991823358248,727.4544400875609,893.9292501253185,183.29600186217016,282.9476080072704,16589.482202963,727.0,891.0,185.0,281.0,15744.0,0.9439230073860347,0.45444008756089715,2.9292501253185037,1.703998137829842,1.9476080072703894
110926_0013_0,Car,25,1.3816636,1.5105618,4.1015043,13.414536890513604,723.5029567428444,883.4247621020895,183.69906485924707,280.1712535858527,15428.006588116586,723.0,880.0,186.0,277.0,14287.0,0.9203462204017656,0.5029567428443897,3.4247621020895167,2.3009351407529266,3.1712535858526962
110926_0013_0,Car,26,1.3816636,1.5105618,4.1015043,13.7786255500625,719.65447393418,872.8188086818867,184.2431023279943,277.5846265412168,14296.592460455175,720.0,870.0,186.0,273.0,13050.0,0.9128049243969645,0.3455260658199677,2.8188086818867077,1.7568976720056924,4.584626541216778
110926_0013_0,Car,27,1.3816636,1.5105618,4.1015043,14.132925330121168,714.1384395466321,860.4320004425344,184.7523476445511,275.17559729659234,13228.33917937628,715.0,862.0,183.0,270.0,12789.0,0.9102862257952887,0.8615604533679289,1.567999557465555,1.7523476445510937,5.175597296592343
110926_0013_0,Car,28,1.3816636,1.5105618,4.1015043,14.493783060185798,709.7916916605678,850.044238985754,185.2413426224982,272.91960427984117,12297.099542486547,711.0,849.0,186.0,269.0,11454.0,0.9314391544466536,1.2083083394321648,1.0442389857539638,0.7586573775018053,3.9196042798411668
110926_0013_0,Car,29,1.3816636,1.5105618,4.1015043,14.85564205488222,705.6477480247773,840.3034884651468,185.7075764643999,270.8046730466499,11458.812549608503,706.0,838.0,187.0,267.0,10560.0,0.9215614579855211,0.35225197522265717,2.3034884651467564,1.2924235356001077,3.8046730466498957
110926_0013_0,Car,30,1.3816636,1.5105618,4.1015043,15.21843094098876,701.6927392143846,831.1511223539234,186.15260237283198,268.8179738514372,10701.72533324958,702.0,828.0,186.0,263.0,9702.0,0.903163356026725,0.30726078561542636,3.1511223539233697,0.15260237283197853,5.817973851437216
110926_0013_0,Car,31,1.3816636,1.5105618,4.1015043,15.569528094675775,694.5754241532929,819.3095355425102,185.40305571533648,265.38347511891175,9976.286542841868,696.0,816.0,186.0,261.0,9000.0,0.9021392841264803,1.4245758467070573,3.3095355425101616,0.5969442846635218,4.383475118911747
110926_0013_0,Car,32,1.3816636,1.5105618,4.1015043,15.922740132179484,687.7686830003842,808.1527297147219,184.686702598159,262.1444071718027,9324.671925778894,689.0,807.0,184.0,258.0,8732.0,0.919757858355077,1.2313169996158422,1.152729714721886,0.6867025981590018,4.144407171802698
110926_0013_0,Car,33,1.3816636,1.5105618,4.1015043,16.277929409097077,681.2526680392637,797.6228779087621,184.00137766332898,259.08456394187755,8737.446144905345,682.0,797.0,182.0,254.0,8280.0,0.8976579531720253,0.7473319607363464,0.6228779087621206,2.001377663328981,5.084563941877548
110926_0013_0,Car,34,1.3816636,1.5105618,4.1015043,16.634969194178307,675.0091912693225,787.6684856418171,183.34510003116088,256.1894839351111,8206.59688961814,675.0,785.0,181.0,253.0,7920.0,0.9050466014002271,0.009191269322514017,2.668485641817142,2.3451000311608823,3.1894839351111273
110926_0013_0,Car,35,1.3816636,1.5105618,4.1015043,16.99374289934297,669.0215505365612,778.2435410484505,182.71605365171672,253.446219838481,7725.289540155122,669.0,775.0,180.0,251.0,7526.0,0.902923423385718,0.021550536561221634,3.2435410484505383,2.71605365171672,2.4462198384809994
110926_0013_0,Car,36,1.3816636,1.5105618,4.1015043,17.40171029108517,661.747722254428,765.8501060749538,182.59077086704266,251.206476924998,7143.058568161642,662.0,765.0,180.0,248.0,7004.0,0.9092084045137738,0.25227774557197336,0.8501060749538283,2.5907708670426643,3.206476924997986
110926_0013_0,Car,37,1.3816636,1.5105618,4.1015043,17.81228784696361,654.8010996164969,754.1584479680284,182.47108688137325,249.09462068486806,6619.53765652387,656.0,752.0,179.0,245.0,6336.0,0.8633656181329239,1.1989003835030871,2.1584479680284403,3.471086881373253,4.094620684868062
110926_0013_0,Car,38,1.3816636,1.5105618,4.1015043,18.225299194209597,648.160089293406,743.1106000288161,182.35663457968724,247.10000173618,6147.4157782391585,648.0,744.0,180.0,244.0,6144.0,0.909095029994673,0.16008929340603117,0.8893999711839342,2.3566345796872383,3.1000017361799905
110926_0013_0,Car,39,1.3816636,1.5105618,4.1015043,18.640582469616056,641.8049589282351,732.6548115848309,182.2470782882068,245.21312170453902,5720.455766742593,644.0,733.0,178.0,242.0,5696.0,0.8657169308990672,2.1950410717648765,0.3451884151691047,4.247078288206808,3.21312170453902
110926_0013_0,Car,40,1.3816636,1.5105618,4.1015043,19.057989211706953,635.7176368895616,722.7447300573608,182.1421104100995,243.42548064304103,5333.313570898935,631.0,723.0,175.0,239.0,5888.0,0.7887883013707235,4.717636889561618,0.25526994263918823,7.142110410099491,4.425480643041027
110926_0013_0,Car,41,1.3816636,1.5105618,4.1015043,19.46368355248675,628.5912716427134,712.6149971538064,182.55742363220392,242.4212155501902,5029.978820170063,627.0,713.0,179.0,240.0,5246.0,0.8856946158207946,1.5912716427134228,0.385002846193629,3.557423632203921,2.4212155501901975
110926_0013_0,Car,42,1.3816636,1.5105618,4.1015043,19.871745727395364,621.7426483850414,702.9773481477952,182.95642616913761,241.46519544207212,4752.942305375065,620.0,706.0,179.0,238.0,5074.0,0.8349272916830677,1.7426483850414343,3.022651852204831,3.9564261691376146,3.4651954420721154
110926_0013_0,Car,43,1.3816636,1.5105618,4.1015043,20.28203284943342,615.1558493215446,693.7967570141182,183.34006372594834,240.55402005197814,4499.357458162247,613.0,696.0,179.0,238.0,4897.0,0.8431999017674171,2.155849321544565,2.203242985881843,4.34006372594834,2.554020051978142
110926_0013_0,Car,44,1.3816636,1.5105618,4.1015043,20.694412493603316,608.8161527881443,685.0414463447945,183.7092101747858,239.68460157053343,4266.740641089254,603.0,688.0,182.0,238.0,4760.0,0.8465599300002989,5.816152788144336,2.958553655205492,1.7092101747857953,1.684601570533431
110926_0013_0,Car,45,1.3816636,1.5105618,4.1015043,21.10876207946237,602.7099189514837,676.6825137761127,184.0646744817816,238.85412901719812,4052.9181210108,602.0,679.0,182.0,236.0,4158.0,0.8793039209048419,0.7099189514837008,2.317486223887272,2.0646744817815943,2.854129017198119
110926_0013_0,Car,46,1.3816636,1.5105618,4.1015043,21.4822436395019,596.9669169104218,669.0127905877995,184.4445503278471,238.22733784635932,3874.8279155759765,598.0,672.0,180.0,234.0,3996.0,0.8086551368504238,1.0330830895782128,2.9872094122005137,4.444550327847111,4.227337846359319
110926_0013_0,Car,47,1.3816636,1.5105618,4.1015043,21.8573653469138,591.4076181135491,661.6428401703288,184.81218959122162,237.6247216483731,3709.299916414829,593.0,663.0,179.0,234.0,3850.0,0.8071873144552585,1.5923818864508803,1.3571598296712182,5.812189591221625,3.624721648373111
110926_0013_0,Car,48,1.3816636,1.5105618,4.1015043,22.234044152862076,586.0233549908501,654.5554106135618,185.168176963237,237.04490404993834,3555.218746230052,585.0,657.0,182.0,236.0,3888.0,0.8797860980908394,1.0233549908500663,2.444589386438224,3.168176963236988,1.0449040499383386
110926_0013_0,Car,49,1.3816636,1.5105618,4.1015043,22.6111818452873,581.7762224339677,648.874125097848,183.3447012645632,233.84538600873393,3388.490029423671,582.0,650.0,182.0,234.0,3536.0,0.9520447193436165,0.22377756603225407,1.1258749021519634,1.3447012645632128,0.1546139912660749
110926_0013_0,Car,50,1.3816636,1.5105618,4.1015043,22.9895856761827,577.6605083087131,643.4049921997258,181.57799870616063,230.76462255516506,3233.7491992941727,578.0,645.0,180.0,231.0,3417.0,0.9369054376523117,0.3394916912868666,1.5950078002741748,1.5779987061606278,0.2353774448349384
110926_0013_0,Car,51,1.3816636,1.5105618,4.1015043,23.36564674295379,573.8918508870036,637.7651110272739,180.3929670106025,228.64685649935146,3082.1332360947176,573.0,638.0,177.0,226.0,3185.0,0.8685196357761051,0.8918508870035566,0.2348889727261394,3.39296701060249,2.6468564993514576
110926_0013_0,Car,52,1.3816636,1.5105618,4.1015043,23.742730393112677,570.2356461902956,632.3238975628491,179.2203839672305,226.6043978786405,2941.990566772195,568.0,633.0,177.0,223.0,2990.0,0.8457924012257588,2.235646190295597,0.6761024371509166,2.2203839672305037,3.6043978786404978
110926_0013_0,Car,53,1.3816636,1.5105618,4.1015043,24.120788634298037,566.6869353156804,627.0710366957054,178.08836416057474,224.63330015715826,2810.574133944472,567.0,626.0,172.0,224.0,3068.0,0.8545640401684452,0.31306468431955636,1.071036695705402,6.088364160574741,0.6333001571582599
110926_0013_0,Car,54,1.3816636,1.5105618,4.1015043,24.506608159378285,563.4547908393806,622.2485249682801,180.45961185548748,226.2291535721813,2690.9622668928696,,,,,,,,,,
110926_0013_0,Car,55,1.3816636,1.5105618,4.1015043,24.893200913151418,560.3149051840388,617.5872707338079,182.54932798144276,227.7711632230858,2589.9614787908126,,,,,,,,,,
110926_0013_0,Car,56,1.3816636,1.5105618,4.1015043,25.261761115033597,557.9383023292019,613.3855189250554,182.81730698227494,227.36767276167578,2470.19378079494,557.0,612.0,178.0,226.0,2640.0,0.8410706850629425,0.9383023292018606,1.3855189250554076,4.817306982274943,1.3676727616757773
110926_0013_0,Car,57,1.3816636,1.5105618,4.1015043,25.63078696019035,555.6264521324042,609.3129156880098,183.078208297075,226.97687919054403,2356.764395061746,556.0,608.0,176.0,225.0,2548.0,0.8000250244285663,0.3735478675957893,1.3129156880097526,7.078208297075008,1.9768791905440253
110926_0013_0,Car,58,1.3816636,1.5105618,4.1015043,26.001486836613743,554.173529417624,606.2812993682244,182.56241224097548,225.67989033772352,2246.755629515399,554.0,607.0,183.0,223.0,2120.0,0.9131921916649778,0.17352941762396767,0.7187006317756186,0.43758775902452385,2.6798903377235206
110926_0013_0,Car,59,1.3816636,1.5105618,4.1015043,26.37246568272903,552.7597578307054,603.3411078023611,182.06006885132774,224.42313428822243,2142.781038735719,553.0,600.0,187.0,222.0,1645.0,0.7676939315136841,0.24024216929456088,3.34110780236108,4.939931148672258,2.4231342882224283
110926_0013_0,Car,60,1.3816636,1.5105618,4.1015043,26.743711856043003,551.3835823203004,600.4882605815153,181.57065695469856,223.20477009358947,2044.4297303762569,553.0,596.0,188.0,222.0,1462.0,0.7151138423969864,1.6164176796995662,4.488260581515306,6.429343045301437,1.2047700935894738
110926_0013_0,Car,61,1.3816636,1.5105618,4.1015043,25.602990796372904,552.0263896844687,603.3432340375425,179.92124444001385,223.52867173909127,2237.7955593447396,,,,,,,,,,
110926_0013_0,Car,62,1.3816636,1.5105618,4.1015043,26.03165548894559,550.2472890286538,600.0722510439691,180.96791692343083,223.7991753994142,2134.0658266340247,549.0,599.0,181.0,219.0,1900.0,0.849248040651452,1.2472890286537677,1.0722510439691177,0.032083076569165314,4.799175399414196
110926_0013_0,Car,63,1.3816636,1.5105618,4.1015043,26.460598472889846,548.5221286815242,596.9149798882268,181.86684853104921,224.06009909341122,2041.851696391502,548.0,593.0,187.0,216.0,1305.0,0.6270599850152565,0.5221286815242365,3.9149798882267532,5.133151468950786,8.060099093411225
110926_0013_0,Car,64,1.3816636,1.5105618,4.1015043,26.889806430396707,546.8484946045801,593.8655893154615,182.7026585508671,224.31194140943725,1956.3475930132483,546.0,592.0,185.0,218.0,1518.0,0.7508762283128134,0.8484946045800825,1.8655893154615342,2.2973414491328867,6.311941409437253
110926_0013_0,Car,65,1.3816636,1.5105618,4.1015043,27.319266872616858,545.224114651091,590.9186401351358,183.5142568857741,224.5551669279042,1875.3449098085032,,,,,,,,,,
110926_0013_0,Car,66,1.3816636,1.5105618,4.1015043,27.94192651968096,545.4742228824867,589.2084423037516,184.00995917341316,224.13593373051728,1754.8781757724805,,,,,,,,,,
110926_0013_0,Car,67,1.3816636,1.5105618,4.1015043,28.5646102122616,545.436696021374,587.5766801854099,184.48555473471959,223.73654401467186,1654.036066679933,,,,,,,,,,
110926_0013_0,Car,68,1.3816636,1.5105618,4.1015043,29.187316355718767,544.8404759095863,586.0180278604511,184.94225003252092,223.3556119584966,1581.7682063142347,,,,,,,,,,
110926_0013_0,Car,69,1.3816636,1.5105618,4.1015043,29.799963581578876,544.2239015230166,584.4759907991762,180.97762864534974,217.90657481599848,1486.4672381354458,,,,,,,,,,
110926_0013_0,Car,70,1.3816636,1.5105618,4.1015043,30.208895484283467,543.9467758343609,583.6130271388262,181.33888614062414,217.7821606063925,1445.56808331677,,,,,,,,,,
110926_0013_0,Car,71,1.3816636,1.5105618,4.1015043,30.617832427760753,543.6781609847037,582.7742430512013,181.69112121718544,217.66130681834056,1406.2933282099116,,,,,,,,,,
110926_0013_0,Car,72,1.3816636,1.5105618,4.1015043,31.02677417613415,543.4176970355203,581.9586269482215,182.03466931377767,217.5438607359523,1368.557257858725,,,,,,,,,,
110926_0013_0,Car,73,1.3816636,1.5105618,4.1015043,31.328310367663825,543.44690753583,581.5862962818956,182.168603891388,217.3277003255001,1340.946446861011,,,,,,,,,,
110926_0013_0,Car,74,1.3816636,1.5105618,4.1015043,31.629848598487463,543.4757006787513,581.2213863335357,182.30013939731884,217.11600442026597,1314.1486969555665,,,,,,,,,,
110926_0013_0,Car,75,1.3816636,1.5105618,4.1015043,31.93138878387208,543.5040906426837,580.8636743355993,182.42934000343016,216.90863577368876,1288.1321360017682,,,,,,,,,,
110926_0013_1,Car,22,1.598096,1.6593693,3.5537932,4.680883865613114,1193.0672165414903,1242.0,0.0,375.0,18349.79379694113,,,,,,,,,,
110926_0013_1,Car,23,1.598096,1.6593693,3.5537932,4.8178670280486955,1147.9226676932562,1242.0,46.3579735976793,375.0,30917.76512781278,,,,,,,,,,
110926_0013_1,Car,24,1.598096,1.6593693,3.5537932,4.96893055863096,1109.0563877724078,1242.0,90.42043632827318,375.0,37833.03516067144,,,,,,,,,,
110926_0013_1,Car,25,1.598096,1.6593693,3.5537932,5.132831457713015,1075.243839070178,1242.0,109.84150972824541,375.0,44216.811875665364,,,,,,,,,,
110926_0013_1,Car,26,1.598096,1.6593693,3.5537932,5.308380675366946,1045.5595175873013,1242.0,120.77490152528489,375.0,49940.10098578886,,,,,,,,,,
110926_0013_1,Car,27,1.598096,1.6593693,3.5537932,5.49446194558532,1019.290873661732,1242.0,127.78691869822202,375.0,55056.60935611019,,,,,,,,,,
110926_0013_1,Car,28,1.598096,1.6593693,3.5537932,5.702069966379418,996.355834361938,1242.0,132.07699565615613,375.0,59672.61871633483,,,,,,,,,,
110926_0013_1,Car,29,1.598096,1.6593693,3.5537932,5.927405958622772,975.9184700986058,1242.0,145.92155746826603,375.0,60953.54245627239,988.0,1238.0,188.0,372.0,46000.0,0.7546731190069887,12.08152990139422,4.0,42.07844253173397,3.0
110926_0013_1,Car,30,1.598096,1.6593693,3.5537932,6.153688122279376,957.4928369654319,1242.0,149.9021169260463,375.0,64041.960118457486,961.0,1239.0,181.0,371.0,52820.0,0.824771757489927,3.507163034568066,3.0,31.09788307395371,4.0
110926_0013_1,Car,31,1.598096,1.6593693,3.5537932,6.339781211596212,933.6363374644474,1242.0,152.86867888038728,375.0,68497.22774430474,942.0,1240.0,182.0,370.0,56024.0,0.8179017143457775,8.363662535552635,2.0,29.13132111961272,5.0
110926_0013_1,Car,32,1.598096,1.6593693,3.5537932,6.529960108324558,911.7650204434913,1242.0,151.83654803903386,375.0,73696.37799608958,922.0,1239.0,179.0,371.0,60864.0,0.8258750518679429,10.234979556508733,3.0,27.163451960966142,4.0
110926_0013_1,Car,33,1.598096,1.6593693,3.5537932,6.732618638332637,891.6969005053376,1242.0,155.46758331308496,375.0,76902.88600498009,907.0,1234.0,181.0,370.0,61803.0,0.803649943592465,15.303099494662433,8.0,25.53241668691504,5.0
110926_0013_1,Car,34,1.598096,1.6593693,3.5537932,6.9329179553935685,873.1346334535575,1242.0,151.18341063080499,375.0,82558.18827684272,883.0,1240.0,175.0,370.0,69615.0,0.8432234458265938,9.865366546442488,2.0,23.816589369195015,5.0
110926_0013_1,Car,35,1.598096,1.6593693,3.5537932,7.147959495388512,856.0170700849455,1242.0,154.23398019241964,375.0,85211.91515101482,863.0,1242.0,172.0,372.0,75800.0,0.8895469590803732,6.982929915054456,0.0,17.766019807580363,3.0
110926_0013_1,Car,36,1.598096,1.6593693,3.5537932,7.334724049396999,835.0838691586588,1242.0,155.68398817568746,375.0,89243.2229631031,845.0,1242.0,172.0,372.0,79400.0,0.8897034123568947,9.916130841341214,0.0,16.31601182431254,3.0
110926_0013_1,Car,37,1.598096,1.6593693,3.5537932,7.529807544081239,815.6306899607589,1242.0,156.9535114591012,375.0,92968.33087566232,826.0,1239.0,171.0,373.0,83426.0,0.8973593396183004,10.3693100392411,3.0,14.046488540898793,2.0
110926_0013_1,Car,38,1.598096,1.6593693,3.5537932,7.73258039052027,797.5059504269612,1220.7155747523072,158.07427826471414,375.0,91805.05320209487,809.0,1215.0,173.0,372.0,80794.0,0.8800604888506987,11.494049573038751,5.715574752307248,14.925721735285862,3.0
110926_0013_1,Car,39,1.598096,1.6593693,3.5537932,7.9424536323568935,780.5780904515246,1170.4634386779658,159.07099134294833,375.0,84187.5567324448,791.0,1158.0,169.0,372.0,74501.0,0.8849407548050183,10.421909548475355,12.463438677965769,9.929008657051668,3.0
110926_0013_1,Car,40,1.598096,1.6593693,3.5537932,8.158879378712417,764.7323614840184,1125.4984889915638,159.96317107544718,375.0,77578.00404261345,773.0,1109.0,169.0,370.0,67536.0,0.8705560401232109,8.267638515981616,16.498488991563818,9.036828924552822,5.0
110926_0013_1,Car,41,1.598096,1.6593693,3.5537932,8.43268979347059,748.5703834227486,1078.7374326812394,161.45337429048215,365.824107016375,67476.48177890373,756.0,1064.0,171.0,362.0,58828.0,0.8718296871606064,7.429616577251409,14.737432681239397,9.546625709517855,3.8241070163750237
110926_0013_1,Car,42,1.598096,1.6593693,3.5537932,8.71358228632434,733.5719080822837,1037.1802619580221,162.7781832362709,355.50090868071,58512.22942663204,740.0,1025.0,173.0,356.0,52155.0,0.8867654685589345,6.428091917716301,12.180261958022129,10.221816763729095,0.4990913192900166
110926_0013_1,Car,43,1.598096,1.6593693,3.5537932,9.000893868316082,719.6156587370858,1000.0040777261584,163.9636854065845,346.294657012526,51123.49286133141,727.0,988.0,173.0,348.0,45675.0,0.8770824988097184,7.384341262914177,12.004077726158357,9.036314593415511,1.7053429874740118
110926_0013_1,Car,44,1.598096,1.6593693,3.5537932,9.29402918486829,706.5966513594132,966.5508047741938,165.03075569338762,338.03338066572314,44972.75091321827,709.0,956.0,174.0,338.0,40508.0,0.9007231974349604,2.4033486405868416,10.550804774193807,8.969244306612381,0.033380665723143466
110926_0013_1,Car,45,1.598096,1.6593693,3.5537932,9.592454387698067,694.4235396117105,936.2878732461559,165.996296989721,330.57868581460264,39806.60980109519,698.0,926.0,174.0,331.0,35796.0,0.8946754909106033,3.576460388289547,10.287873246155868,8.003703010278997,0.42131418539736387
110926_0013_1,Car,46,1.598096,1.6593693,3.5537932,9.882843240918517,682.3597642433865,908.7410653356529,166.8583472450547,324.0698313821147,35589.740325593855,686.0,896.0,172.0,326.0,32340.0,0.8871953715291658,3.6402357566134924,12.741065335652934,5.141652754945312,1.930168617885272
110926_0013_1,Car,47,1.598096,1.6593693,3.5537932,10.177811995783316,671.0047877656684,883.5314214984032,167.64740803238516,318.119921357707,31979.416726334737,673.0,875.0,176.0,319.0,28886.0,0.8927465920477866,1.995212234331575,8.531421498403233,8.352591967614842,0.8800786422929718
110926_0013_1,Car,48,1.598096,1.6593693,3.5537932,10.476973854173218,660.2979319668341,860.373589205842,168.37237282922774,312.65991988580345,28868.425808748667,663.0,850.0,179.0,316.0,25619.0,0.8474684636926808,2.702068033165915,10.373589205841995,10.627627170772257,3.340080114196553
110926_0013_1,Car,49,1.598096,1.6593693,3.5537932,10.779979660125417,650.1852555188665,839.026858111515,169.04074647045215,307.63171192652254,26171.740021586727,651.0,830.0,177.0,308.0,23449.0,0.8912026925547443,0.8147444811335163,9.026858111515025,7.959253529547851,0.3682880734774585
110926_0013_1,Car,50,1.598096,1.6593693,3.5537932,11.08651428167697,640.6186380213686,819.2867458096862,169.65890639613698,302.98602295021396,23821.303631589406,642.0,813.0,175.0,302.0,21717.0,0.911662952450726,1.3813619786313893,6.286745809686181,5.3410936038630155,0.9860229502139646
110926_0013_1,Car,51,1.598096,1.6593693,3.5537932,11.425801594377361,632.9046042731221,801.813536918138,169.97905847845564,298.0124945111142,21625.99102315027,636.0,793.0,174.0,295.0,18997.0,0.8784337318767967,3.0953957268778822,8.81353691813797,4.0209415215443585,3.0124945111141983
110926_0013_1,Car,52,1.598096,1.6593693,3.5537932,11.767615421330134,625.6194577743389,785.6509123496478,170.2752389958948,293.4193171704258,19706.925952605747,628.0,777.0,171.0,290.0,17731.0,0.899734440705884,2.380542225661088,8.650912349647797,0.7247610041052042,3.4193171704258134
110926_0013_1,Car,53,1.598096,1.6593693,3.5537932,12.111741882637014,618.7283973448276,770.6567496852433,170.55004313717146,289.16446644063944,18020.8938963045,622.0,765.0,170.0,284.0,16302.0,0.8963396202222761,3.271602655172387,5.656749685243312,0.5500431371714569,5.164466440639444
110926_0013_1,Car,54,1.598096,1.6593693,3.5537932,12.45798925938023,612.2002897028319,756.7087630163525,170.80570445445068,285.21189003186436,16532.663215415363,617.0,751.0,174.0,280.0,14204.0,0.8591477256220841,4.799710297168076,5.708763016352464,3.1942955455493234,5.211890031864357
110926_0013_1,Car,55,1.598096,1.6593693,3.5537932,12.80618556686095,606.0071945981625,743.7011503926755,171.04415588930888,281.53048096305076,15213.299160602,614.0,739.0,175.0,279.0,13000.0,0.8545155040181028,7.992805401837472,4.7011503926754585,3.9558441106911175,2.5304809630507634
110926_0013_1,Car,56,1.598096,1.6593693,3.5537932,13.1855487373175,601.8472571403352,733.4669172714944,171.52281495091725,278.0891325380516,14026.2225022478,609.0,726.0,176.0,276.0,11700.0,0.8341518893005577,7.152742859664841,7.466917271494367,4.477185049082749,2.089132538051615
110926_0013_1,Car,57,1.598096,1.6593693,3.5537932,13.565961160848538,597.9047884703892,723.9242207239483,171.96917750475717,274.88412613060547,12969.283396233604,601.0,721.0,173.0,277.0,12480.0,0.9245951048082565,3.095211529610765,2.9242207239483378,1.0308224952428304,2.115873869394534
110926_0013_1,Car,58,1.598096,1.6593693,3.5537932,13.947337011303306,594.1631697961822,715.005259147547,172.38640561301244,271.8919228634418,12024.454606530158,599.0,708.0,177.0,270.0,10137.0,0.8430319986816589,4.83683020381784,7.005259147547008,4.6135943869875575,1.8919228634417777
110926_0013_1,Car,59,1.598096,1.6593693,3.5537932,14.32959928229462,590.6074346227224,706.6508163101269,172.77726148578157,269.0920100847087,11176.689133791706,594.0,701.0,176.0,267.0,9737.0,0.8711882278769896,3.392565377277606,5.6508163101268565,3.2227385142184346,2.092010084708704
110926_0013_1,Car,60,1.598096,1.6593693,3.5537932,14.71267893384655,587.2240661724878,698.8089390486367,173.1441689858345,266.46642848107643,10413.352462291548,593.0,694.0,176.0,265.0,8989.0,0.8632186447688808,5.775933827512176,4.8089390486367165,2.8558310141654886,1.4664284810764343
110926_0013_1,Car,61,1.598096,1.6593693,3.5537932,15.053565579181136,583.2105946480513,690.7970031884696,173.7270683873013,264.5466601448232,9770.95370229876,591.0,687.0,177.0,262.0,8160.0,0.8351283046280569,7.789405351948744,3.7970031884696027,3.2729316126986987,2.5466601448231927
110926_0013_1,Car,62,1.598096,1.6593693,3.5537932,15.395317812314588,579.3628478411101,683.199233705977,174.27987322943642,262.72752742770194,9184.084750173413,586.0,682.0,178.0,258.0,7680.0,0.8362292170545341,6.637152158889876,1.199233705977008,3.7201267705635814,4.7275274277019435
110926_0013_1,Car,63,1.598096,1.6593693,3.5537932,15.73787926949184,575.670768435003,675.9843245550359,174.80485553179366,261.0013192259645,8646.673798133585,581.0,675.0,178.0,258.0,7520.0,0.8696985887941348,5.3292315649970305,0.9843245550358688,3.195144468206337,3.001319225964494
110926_0013_1,Car,64,1.598096,1.6593693,3.5537932,16.08119816154023,572.1250978092423,669.1240492926498,175.30406407836196,259.3610930994857,8153.443679859356,577.0,668.0,172.0,256.0,7644.0,0.8686103113381172,4.874902190757666,1.1240492926498291,3.304064078361961,3.361093099485686
110926_0013_1,Car,65,1.598096,1.6593693,3.5537932,16.42522704077343,568.7172960574019,662.592887214822,175.7793514886049,257.80058080156135,7699.791389212101,574.0,661.0,177.0,255.0,6786.0,0.8813225783633072,5.282703942598118,1.5928872148219853,1.2206485113950976,2.8005808015613525
110926_0013_1,Car,66,1.598096,1.6593693,3.5537932,16.754395707250875,566.2058361416205,657.4432516730768,179.04969934217024,259.29005655714974,7320.922813615576,570.0,655.0,179.0,258.0,6715.0,0.9161284162391817,3.794163858379534,2.4432516730768157,0.049699342170242744,1.2900565571497395
110926_0013_1,Car,67,1.598096,1.6593693,3.5537932,17.08400079353721,563.7826802991833,652.5151865262768,182.0030157570301,260.71464626844045,6984.2802444984,568.0,650.0,179.0,259.0,6560.0,0.8732077536509018,4.217319700816688,2.515186526276807,3.003015757030113,1.7146462684404469
110926_0013_1,Car,68,1.598096,1.6593693,3.5537932,17.398973147651695,561.1295581448519,647.4078531149801,178.27996193304168,255.0850741308377,6626.614125415235,563.0,644.0,178.0,254.0,6156.0,0.9224025606174335,1.8704418551481012,3.407853114980071,0.27996193304167605,1.085074130837711
110926_0013_1,Car,69,1.598096,1.6593693,3.5537932,17.715080322755185,558.5667654169093,642.5116991222853,174.5414991434013,249.69105654517554,6308.424614080287,558.0,643.0,172.0,245.0,6205.0,0.8963209614714601,0.5667654169093339,0.48830087771466424,2.541499143401296,4.691056545175542
110926_0013_1,Car,70,1.598096,1.6593693,3.5537932,18.03226261000178,556.0897664521938,637.8138924051609,170.95432671181953,244.5181126941659,6011.936111198393,559.0,634.0,173.0,243.0,5250.0,0.8732627730725316,2.9102335478062287,3.8138924051609138,2.045673288180467,1.5181126941658931
110926_0013_1,Car,71,1.598096,1.6593693,3.5537932,18.330767833796315,554.775489137781,634.745369606718,172.19600214329407,244.42499483968703,5776.143912322264,554.0,633.0,174.0,240.0,5214.0,0.8859668300305359,0.7754891377810509,1.7453696067179862,1.8039978567059336,4.424994839687031
110926_0013_1,Car,72,1.598096,1.6593693,3.5537932,18.629406239219513,553.5001695348792,631.7862344697835,173.39345844124765,244.3352339316079,5553.752442635743,554.0,628.0,176.0,242.0,4884.0,0.8794054201094554,0.49983046512079454,3.786234469783494,2.6065415587523546,2.3352339316078883
110926_0013_1,Car,73,1.598096,1.6593693,3.5537932,18.92817154473463,552.2621006776924,628.9307399887227,174.5490164945665,244.24865164831203,5343.776187712928,554.0,625.0,176.0,242.0,4686.0,0.8769079833048833,1.7378993223076122,3.930739988722735,1.4509835054334985,2.248651648312034
110926_0013_1,Car,74,1.598096,1.6593693,3.5537932,19.227057768964457,551.0596742410104,626.1735356178873,175.66483723889604,244.1650821028806,5145.3178969954615,550.0,623.0,176.0,241.0,4745.0,0.8968056678820132,1.0596742410103843,3.173535617887296,0.33516276110395893,3.1650821028806035
110926_0013_1,Car,75,1.598096,1.6593693,3.5537932,19.526059401652244,549.891372744287,623.5096319078235,176.7429359136487,244.08437072460413,4957.559200357319,551.0,621.0,179.0,240.0,4270.0,0.8613109450497813,1.1086272557130314,2.5096319078235183,2.2570640863513063,4.084370724604128
110926_0013_1,Car,76,1.598096,1.6593693,3.5537932,19.776138647577767,550.2723789217738,622.114529044969,176.603018778049,242.9693123723987,4767.897227525319,543.0,619.0,174.0,240.0,5016.0,0.8028939632683695,7.272378921773793,3.1145290449690037,2.6030187780490053,2.96931237239869
110926_0013_1,Car,77,1.598096,1.6593693,3.5537932,20.026254500324633,550.6452260466351,620.756029308555,176.46693691109485,241.8858907512431,4586.57540228725,545.0,618.0,177.0,236.0,4307.0,0.8077681787634927,5.645226046635116,2.7560293085549574,0.533063088905152,5.885890751243096
110926_0013_1,Car,78,1.598096,1.6593693,3.5537932,20.27640562386185,551.0101961113555,619.4326821152639,176.3345369549495,240.83278009975794,4413.130138852335,545.0,618.0,179.0,233.0,3942.0,0.7635485835815327,6.010196111355526,1.4326821152639013,2.665463045050501,7.83278009975794
110926_0013_1,Car,79,1.598096,1.6593693,3.5537932,20.526590673451835,551.3675576288834,618.1431136898549,176.2056736571481,239.80872800577737,4247.129321305906,551.0,618.0,177.0,235.0,3886.0,0.9054068274791227,0.36755762888344634,0.1431136898548857,0.794326342851889,4.808728005777368
110926_0013_1,Car,80,1.598096,1.6593693,3.5537932,20.776808459453857,551.7175666574211,616.8860212187066,176.0802092588809,238.81254974392658,4088.1696804227868,548.0,616.0,182.0,231.0,3332.0,0.7376101857099548,3.7175666574211164,0.8860212187065599,5.919790741119101,7.812549743926581
110926_0013_1,Car,81,1.598096,1.6593693,3.5537932,21.02726959253002,553.3787526714111,617.3359232826441,175.93534690937156,237.81554280991824,3957.682246667784,548.0,615.0,178.0,232.0,3618.0,0.7832960678468583,5.378752671411121,2.335923282644103,2.0646530906284397,5.815542809918242
110926_0013_1,Car,82,1.598096,1.6593693,3.5537932,21.27780848490614,554.6657508427758,617.7733318086435,175.7942414639692,236.84515481669527,3852.775457447339,551.0,616.0,179.0,232.0,3445.0,0.8032287642948964,3.665750842775765,1.7733318086435474,3.2057585360307996,4.8451548166952705
110926_0013_1,Car,83,1.598096,1.6593693,3.5537932,21.528422440465427,555.9037319742714,618.1987292585202,175.6567501468421,235.90033494049405,3752.8739511139584,553.0,617.0,178.0,233.0,3520.0,0.8588438882170727,2.903731974271409,1.1987292585201885,2.343249853157886,2.900334940494048
110926_0013_1,Car,84,1.598096,1.6593693,3.5537932,21.779108812553893,557.1101075652982,618.6125738288154,175.5227373653732,234.98008721549257,3656.7736532751032,553.0,616.0,179.0,227.0,3024.0,0.7334384272576193,4.110107565298222,2.612573828815357,3.477262634626811,7.980087215492574
110926_0013_1,Car,85,1.598096,1.6593693,3.5537932,22.02986516506862,558.2860998269024,619.015301226108,175.392074177403,234.0834664066104,3564.2813790873083,556.0,618.0,179.0,231.0,3224.0,0.8430597678362725,2.2860998269023867,1.015301226108022,3.6079258225969966,3.0834664066103983
110926_0013_1,Car,86,1.598096,1.6593693,3.5537932,22.273342742602427,559.1966186156152,619.1846880480701,175.09628669513577,233.06980145872978,3477.7192288819297,556.0,618.0,178.0,228.0,3100.0,0.8082827562965849,3.1966186156151934,1.184688048070143,2.903713304864226,5.069801458729785
110926_0013_1,Car,87,1.598096,1.6593693,3.5537932,22.516863928418324,560.085201416464,619.3500100786297,174.80759145729482,232.08057752062123,3394.272560553923,557.0,619.0,175.0,226.0,3162.0,0.8459960697395683,3.085201416463974,0.3500100786296798,0.1924085427051807,6.080577520621233
110926_0013_1,Car,88,1.598096,1.6593693,3.5537932,22.760427340927365,560.9526315724163,619.5114119096885,174.52573638356944,231.1149210860217,3313.7936364562256,557.0,620.0,176.0,226.0,3150.0,0.8280710979007823,3.952631572416294,0.4885880903115094,1.4742636164305623,5.114921086021695
110926_0013_1,Car,89,1.598096,1.6593693,3.5537932,23.004031584990226,561.7996553177386,619.6690313092299,174.25048128112786,230.17200006107933,3236.1433962922547,558.0,620.0,176.0,225.0,3038.0,0.8246512029767491,3.7996553177385977,0.33096869077007796,1.7495187188721388,5.172000061079331
110926_0013_1,Car,90,1.598096,1.6593693,3.5537932,23.24767541217813,562.6269844978981,619.8229997212179,173.9815969738698,229.2510207286581,3161.1908024629843,557.0,621.0,176.0,224.0,3072.0,0.7871503076299861,5.626984497898093,1.1770002787820886,2.018403026130187,5.251020728658091
110926_0013_1,Car,91,1.598096,1.6593693,3.5537932,23.52282351799588,562.9953788008378,619.4553009856854,174.09151255468396,228.64833057971475,3080.2737003461316,554.0,625.0,174.0,224.0,3550.0,0.7391135540819571,8.995378800837784,5.544699014314574,0.09151255468395902,4.648330579714752
110926_0013_1,Car,92,1.598096,1.6593693,3.5537932,23.79798350015694,563.3543940212046,619.0969290229333,174.19864224025,228.06099638397095,3002.4241611318716,563.0,625.0,174.0,225.0,3162.0,0.8497188163847552,0.3543940212045982,5.9030709770667045,0.19864224024999544,3.060996383970945
110926_0013_1,Car,93,1.598096,1.6593693,3.5537932,24.073154971918107,563.704383860702,618.7475333875212,174.30309062878717,227.48843859992837,2927.4890610114353,563.0,624.0,174.0,225.0,3111.0,0.8591570353476173,0.7043838607020234,5.25246661247877,0.3030906287871744,2.4884385999283722
110926_0013_1,Car,94,1.598096,1.6593693,3.5537932,24.348337482920318,564.0456843564211,618.4067810740436,174.40495711697844,226.9301066510225,2855.324733927751,562.0,630.0,175.0,224.0,3332.0,0.7559513873959761,2.045684356421134,11.593218925956421,0.5950428830215628,2.9301066510224985
110926_0013_1,Car,95,1.598096,1.6593693,3.5537932,24.623530702681645,564.3786151904773,618.0743552254233,174.50433628514705,226.38547677773997,2785.796232606784,,,,,,,,,,
110926_0013_1,Car,96,1.598096,1.6593693,3.5537932,24.93096603485331,564.7315315717332,617.7029205020331,172.77954056578218,223.9350922344598,2709.780623385574,564.0,622.0,171.0,221.0,2900.0,0.8359760588545219,0.7315315717331714,4.297079497966934,1.7795405657821846,2.935092234459802
110926_0013_1,Car,97,1.598096,1.6593693,3.5537932,25.238632270548525,565.075575787166,617.3404626685891,171.1004650944775,221.55170061122496,2636.8281173108403,564.0,622.0,168.0,220.0,3016.0,0.8252007066422585,1.0755757871660308,4.659537331410888,3.1004650944774994,1.551700611224959
110926_0013_1,Car,98,1.598096,1.6593693,3.5537932,25.553619597659285,566.2430815979706,617.8173014018313,173.3154625303889,223.09755028307777,2567.472336052258,565.0,618.0,171.0,218.0,2491.0,0.8368380602134089,1.2430815979705585,0.18269859816871303,2.3154625303889134,5.097550283077766
110926_0013_1,Car,99,1.598096,1.6593693,3.5537932,25.86875878257013,567.3802834236127,618.280999744738,175.4733464426065,224.6021123275021,2500.6893755140495,562.0,622.0,173.0,221.0,2880.0,0.7564722293692154,5.3802834236126955,3.719000255262017,2.4733464426064984,3.6021123275021125
110926_0013_1,Car,100,1.598096,1.6593693,3.5537932,26.18404431401339,568.4883764678269,618.7320654204404,177.5762846702072,226.06700505962317,2436.3526723339705,564.0,619.0,177.0,223.0,2530.0,0.8502876285464696,4.4883764678269245,0.2679345795595509,0.5762846702072011,3.0670050596231704
110926_0013_1,Car,101,1.598096,1.6593693,3.5537932,26.49542088114073,569.0425004299718,618.645266803013,177.7262390022639,225.5887469066471,2374.1127976089556,564.0,621.0,177.0,221.0,2508.0,0.7846493812906756,5.042500429971824,2.354733196987013,0.7262390022638954,4.5887469066470885
110926_0013_1,Car,102,1.598096,1.6593693,3.5537932,26.80681797844587,569.5831927014563,618.5598498054327,177.87247940341493,225.12264704764803,2314.1552588170066,564.0,622.0,179.0,222.0,2494.0,0.7793754005086974,5.583192701456255,3.440150194567309,1.1275205965850716,3.12264704764803
110926_0013_1,Car,103,1.598096,1.6593693,3.5537932,27.118234921891435,570.1109678048985,618.4757721759967,178.01514169060408,224.6682468206328,2256.368302918117,563.0,627.0,182.0,220.0,2432.0,0.6447496464800547,7.110967804898451,8.524227824003333,3.984858309395918,4.668246820632788
110926_0013_1,Car,104,1.598096,1.6593693,3.5537932,27.429670966701686,570.6263145471488,618.3929937464446,178.15435509039878,224.22511047876478,2200.646993105308,565.0,627.0,183.0,222.0,2418.0,0.6760057522865615,5.626314547148809,8.607006253555369,4.845644909601219,2.225110478764776
110926_0013_1,Car,105,1.598096,1.6593693,3.5537932,27.74112551439203,571.1296979370711,618.3114762528776,178.29024272399286,223.79282349073617,2146.892678533562,567.0,621.0,178.0,218.0,2160.0,0.7699687114887513,4.129697937071114,2.6885237471224173,0.29024272399286133,5.792823490736168
110926_0013_1,Car,106,1.598096,1.6593693,3.5537932,28.08449899156642,571.8306728791929,618.3859392145484,177.9682218941999,222.86588178505178,2090.22251405282,571.0,623.0,175.0,213.0,1976.0,0.6696948619539913,0.830672879192889,4.6140607854515565,2.9682218941998997,9.865881785051783
110926_0013_1,Car,107,1.598096,1.6593693,3.5537932,28.42791615914214,572.5132748961183,618.4584497191744,177.65463925990753,221.96325113795797,2035.7669189039655,571.0,618.0,177.0,219.0,1974.0,0.8833138015184928,1.5132748961183324,0.45844971917438215,0.6546392599075261,2.9632511379579682
110926_0013_1,Car,108,1.598096,1.6593693,3.5537932,28.771375478235335,573.1782170388454,618.5290835698571,177.34916741776934,221.08398744905077,1983.4119859964594,571.0,615.0,176.0,216.0,1760.0,0.7599779677272394,2.178217038845446,3.5290835698571072,1.349167417769337,5.083987449050767
110926_0013_1,Car,109,1.598096,1.6593693,3.5537932,29.11487538123226,573.8261757410722,618.5979126755623,177.05149577349107,220.22719512980342,1933.0510535434473,572.0,617.0,176.0,217.0,1845.0,0.8399706644296415,1.826175741072234,1.5979126755622701,1.0514957734910695,3.2271951298034196
110926_0013_1,Car,110,1.598096,1.6593693,3.5537932,29.458414497832962,574.4577935580427,618.6650053424235,176.76132928467905,219.3920234742765,1884.5841265547053,573.0,617.0,175.0,216.0,1804.0,0.8266787730964945,1.457793558042681,1.6650053424234557,1.76132928467905,3.392023474276499
110926_0013_1,Car,111,1.598096,1.6593693,3.5537932,29.771461477586115,575.5519727467859,619.2611417739395,177.6765689078751,219.82725698926384,1842.3715499602504,573.0,620.0,175.0,213.0,1786.0,0.7407156257892161,2.55197274678585,0.738858226060529,2.676568907875094,6.827256989263844
110926_0013_1,Car,112,1.598096,1.6593693,3.5537932,30.084553189594185,576.6217618887141,619.8439851317761,178.571412045928,220.2527830398896,1801.5615221778967,575.0,619.0,175.0,215.0,1760.0,0.7650872399961542,1.6217618887141043,0.843985131776094,3.571412045928014,5.252783039889607
110926_0013_1,Car,113,1.598096,1.6593693,3.5537932,30.397688274982258,577.6679675796929,620.4139751828849,179.446533065651,220.66892284834714,1762.0925870728715,576.0,620.0,180.0,218.0,1672.0,0.881204573634186,1.6679675796929132,0.413975182884883,0.5534669343489895,2.668922848347137
110926_0013_1,Car,114,1.598096,1.6593693,3.5537932,30.71086533773322,578.6913609354592,620.9715323433735,180.30257667689398,221.0759834990372,1723.9066293248366,577.0,620.0,180.0,218.0,1634.0,0.8648019211059759,1.6913609354592154,0.9715323433734966,0.3025766768939775,3.075983499037193
110926_0013_1,Car,115,1.598096,1.6593693,3.5537932,31.02408315185214,579.6926801853106,621.5170590930642,181.06198984862039,221.47425897202942,1690.2180563395714,576.0,621.0,180.0,218.0,1710.0,0.8140225150970759,3.6926801853105644,0.5170590930641765,1.0619898486203851,3.4742589720294177
110926_0013_1,Car,116,1.598096,1.6593693,3.5537932,31.307401388343106,580.2135248536775,621.630687524028,180.89230570269794,220.89004901467158,1656.5930411989327,577.0,621.0,178.0,217.0,1716.0,0.7751541094202973,3.2135248536775407,0.6306875240279624,2.8923057026979393,3.8900490146715754
110926_0013_1,Car,117,1.598096,1.6593693,3.5537932,31.590741750578157,580.7243241273779,621.7421236881362,180.72554164891085,220.31711294735533,1623.9591358150649,577.0,621.0,174.0,215.0,1804.0,0.6741906192490208,3.7243241273779404,0.7421236881361892,6.725541648910848,5.3171129473553265
110926_0013_1,Car,118,1.598096,1.6593693,3.5537932,31.87410366961912,581.2253658819947,621.8514304313568,180.56162294046638,219.75512750762778,1592.2778464612184,578.0,622.0,176.0,215.0,1716.0,0.73282465663699,3.2253658819946622,0.14856956864321091,4.561622940466378,4.755127507627776
110926_0013_1,Car,119,1.598096,1.6593693,3.5537932,32.15748651282958,581.7169269523665,621.9586681885881,180.39749707952768,219.2037818375652,1561.6324695720773,579.0,619.0,179.0,217.0,1520.0,0.7947994966005499,2.7169269523665207,2.958668188588149,1.3974970795276818,2.2037818375652023
110926_0013_1,Car,120,1.598096,1.6593693,3.5537932,32.440889772985216,582.1992739771782,622.0638951680643,180.22052993237202,218.66277653516056,1532.4855985467916,578.0,620.0,182.0,217.0,1470.0,0.7877682486613707,4.199273977178223,2.0638951680642776,1.779470067627983,1.6627765351605603
110926_0013_1,Car,121,1.598096,1.6593693,3.5537932,32.65518857238257,581.9417469741802,621.5265784591792,180.23941426542683,218.4118910302298,1511.0510600997648,580.0,619.0,182.0,217.0,1365.0,0.8214242122112404,1.9417469741802051,2.526578459179177,1.7605857345731692,1.4118910302298104
110926_0013_1,Car,122,1.598096,1.6593693,3.5537932,32.86949889319004,581.6878074362053,620.9967492483775,180.25803558847352,218.16450236946102,1490.0630969988754,579.0,619.0,180.0,215.0,1400.0,0.8133567318743731,2.6878074362052757,1.996749248377455,0.2580355884735184,3.164502369461019
110926_0013_1,Car,123,1.598096,1.6593693,3.5537932,33.083820527476114,581.4373809007818,620.4742520727023,180.27639935944853,217.9205379322085,1469.509387842752,578.0,619.0,181.0,214.0,1353.0,0.7830771313315114,3.437380900781818,1.4742520727022566,0.7236006405514672,3.9205379322085037
110926_0013_1,Car,124,1.598096,1.6593693,3.5537932,33.29815320918767,581.1903950251331,619.9589358959726,180.29451088094888,217.67992716608035,1449.378039223468,579.0,619.0,182.0,214.0,1280.0,0.7962689738598082,2.190395025133057,0.9589358959725587,1.7054891190511228,3.679927166080347
110926_0013_1,Car,125,1.598096,1.6593693,3.5537932,33.51249675768259,580.9467793491309,619.4506536140151,180.31237531761053,217.4426013558625,1429.657554803583,578.0,619.0,182.0,215.0,1353.0,0.8224213990890249,2.9467793491309067,0.4506536140150956,1.687624682389469,2.4426013558625073
110926_0013_1,Car,126,1.598096,1.6593693,3.5537932,33.66427004726821,581.4489967049408,619.7648401479911,179.52867849557077,216.47680877298203,1415.6987752227167,579.0,619.0,182.0,216.0,1360.0,0.8517439692770015,2.4489967049407824,0.7648401479910945,2.471321504429227,0.4768087729820252
110926_0013_1,Car,127,1.598096,1.6593693,3.5537932,33.81610466987903,581.9463302384632,620.075970403406,178.75260114364525,215.52041300631072,1401.9434359757486,580.0,620.0,180.0,214.0,1360.0,0.8812807871357893,1.946330238463247,0.0759704034060178,1.2473988563547493,1.5204130063107186
110926_0013_1,Car,128,1.598096,1.6593693,3.5537932,33.96799981437113,582.438850880744,620.3840887826016,177.9840326222931,214.5732775080736,1388.3876018402664,579.0,619.0,180.0,211.0,1240.0,0.7581282297891675,3.438850880743985,1.384088782601566,2.015967377706886,3.573277508073602
110926_0013_1,Car,129,1.598096,1.6593693,3.5537932,34.11995463864431,582.9266280512047,620.6892387414432,177.22286464948348,213.63526864156233,1375.0274362485595,580.0,621.0,177.0,210.0,1353.0,0.8305502983990289,2.926628051204716,0.31076125855679493,0.2228646494834834,3.635268641562334
110926_0013_1,Car,130,1.598096,1.6593693,3.5537932,34.27196837120377,583.4097300197245,620.9914630158628,176.46899073571885,212.70625498470972,1361.8591895160819,583.0,621.0,178.0,212.0,1292.0,0.9285642356119673,0.4097300197245204,0.008536984137208492,1.5310092642811526,0.7062549847097159
110926_0013_1,Car,131,1.598096,1.6593693,3.5537932,34.41188808178785,583.9345689231567,621.3541543217673,176.77382671179632,212.8547754317645,1350.1341418897387,583.0,621.0,178.0,210.0,1216.0,0.8594631284999451,0.9345689231566894,0.35415432176728245,1.2261732882036824,2.8547754317644944
110926_0013_1,Car,132,1.598096,1.6593693,3.5537932,34.55182067416566,584.4548952999422,621.7137262712458,177.07604226960353,213.00201825349583,1338.5598666629562,584.0,622.0,177.0,210.0,1254.0,0.8981269228232733,0.45489529994222266,0.2862737287541677,0.07604226960353344,3.0020182534958337
110926_0013_1,Car,133,1.598096,1.6593693,3.5537932,34.69176597994469,584.9707670526002,622.0702189026715,177.3756710261579,213.14799985217903,1327.1337908458888,584.0,623.0,177.0,210.0,1287.0,0.8621984233143495,0.9707670526001948,0.9297810973284868,0.37567102615790304,3.1479998521790264
110926_0013_1,Car,134,1.598096,1.6593693,3.5537932,34.828118056327945,586.4952396882964,623.4358505869545,175.94860791763907,211.56627682537552,1315.738448237928,587.0,624.0,175.0,209.0,1258.0,0.8793506035765152,0.5047603117036488,0.5641494130454703,0.948607917639066,2.5662768253755246
110926_0013_1,Car,135,1.598096,1.6593693,3.5537932,34.96473876314616,588.0066798870652,624.7898041773309,174.53374203199056,209.998082530122,1304.489244415073,588.0,626.0,174.0,207.0,1254.0,0.8753418766141786,0.006679887065160983,1.2101958226691067,0.5337420319905561,2.998082530121991
110926_0013_1,Car,136,1.598096,1.6593693,3.5537932,35.10194655893574,588.4784672642334,625.1051764272103,173.19680046899092,208.5092180555183,1293.377648783329,588.0,628.0,172.0,204.0,1280.0,0.7806897047829117,0.47846726423335895,2.8948235727897327,1.196800468990915,4.509218055518289
110926_0013_1,Car,137,1.598096,1.6593693,3.5537932,35.239294173321,588.9462567764621,625.4178754457998,171.87118569355175,207.03297638209855,1282.4074217237505,589.0,628.0,169.0,201.0,1248.0,0.7218365909516552,0.05374322353793559,2.5821245542001634,2.8711856935517517,6.032976382098553
110926_0013_1,Car,138,1.598096,1.6593693,3.5537932,35.37677996549898,589.4100989841419,625.7279350512423,170.5567544862865,205.56919779098436,1271.5761762486643,589.0,627.0,167.0,200.0,1254.0,0.7342878837577818,0.4100989841418823,1.272064948757702,3.5567544862865077,5.5691977909843615
110926_0013_1,Car,139,1.598096,1.6593693,3.5537932,35.524939886550314,589.645380766052,625.8139589334638,175.44200667358717,210.3138775825712,1261.265988815484,589.0,627.0,176.0,207.0,1178.0,0.8506766618338608,0.6453807660519715,1.186041066536177,0.5579933264128272,3.3138775825711946
110926_0013_1,Car,140,1.598096,1.6593693,3.5537932,35.67444774646673,589.8787362247293,625.8992783018371,180.28726977645172,215.01969191203267,1251.0806729745616,587.0,627.0,179.0,213.0,1360.0,0.8224253697854981,2.878736224729323,1.1007216981629426,1.2872697764517227,2.0196919120326697
110926_0013_1,Car,141,1.598096,1.6593693,3.5537932,35.76576211165098,589.3472701569714,625.2676377402316,179.46672054736368,214.10211385724955,1244.1160590818936,587.0,628.0,179.0,214.0,1435.0,0.8622198589245735,2.3472701569713763,2.732362259768365,0.4667205473636784,0.1021138572495488
110926_0013_1,Car,142,1.598096,1.6593693,3.5537932,35.857147338199255,588.8187464290123,624.6394951496853,178.65071320204257,213.1896182765449,1237.2094397609262,585.0,627.0,179.0,209.0,1260.0,0.7554001815935913,3.8187464290123216,2.360504850314669,0.3492867979574328,4.1896182765449055
110926_0013_1,Car,143,1.598096,1.6593693,3.5537932,35.94860287751998,588.2931407207838,624.0148216089364,177.8392102067365,212.2821631396421,1230.3601735149136,587.0,627.0,178.0,209.0,1240.0,0.812459136782498,1.2931407207837537,2.9851783910636414,0.16078979326348986,3.2821631396421083
110926_0013_2,Car,0,1.4118235,1.4801494,3.630527,56.465513220868,292.4533415625474,331.79422094650295,176.91904606455438,197.47347489430942,808.6293053974917,,,,,,,,,,
110926_0013_2,Car,1,1.4118235,1.4801494,3.630527,55.33748322701753,285.85937071867306,326.6125737197774,175.7394641981982,196.7903698600157,857.8918317931451,,,,,,,,,,
110926_0013_2,Car,2,1.4118235,1.4801494,3.630527,54.21447559041631,278.94920719791924,321.2031648937824,176.46718318322044,198.04330785001534,911.6766589114213,,,,,,,,,,
110926_0013_2,Car,3,1.4118235,1.4801494,3.630527,53.09445492427656,271.6866041429965,315.5375779559448,177.23203785808505,199.36017702465395,970.3404511224891,,,,,,,,,,
110926_0013_2,Car,4,1.4118235,1.4801494,3.630527,51.97761431988789,264.04389073999226,309.59717516832865,178.03694497113895,200.74599841087402,1034.4719704385425,,,,,,,,,,
110926_0013_2,Car,5,1.4118235,1.4801494,3.630527,50.86416325456247,255.99042165688832,303.36146593117667,178.88513493623734,202.20633295923324,1104.749504076785,,,,,,,,,,
110926_0013_2,Car,6,1.4118235,1.4801494,3.630527,49.802714369222464,246.3625046618836,295.7063954070256,179.71152497635472,203.66909598953126,1182.1597665931633,,,,,,,,,,
110926_0013_2,Car,7,1.4118235,1.4801494,3.630527,48.746297837221974,236.19592044117067,287.6573413025381,180.58411690403736,205.21372821917566,1267.4747935402297,,,,,,,,,,
110926_0013_2,Car,8,1.4118235,1.4801494,3.630527,47.68109323144687,225.91700738299332,279.6138302496376,179.26213604653444,204.59690057023332,1360.3963629972025,,,,,,,,,,
110926_0013_2,Car,9,1.4118235,1.4801494,3.630527,46.62100155864225,215.03025677589028,271.1348326205483,177.86204053294173,203.94358256402202,1463.2938530283802,,,,,,,,,,
110926_0013_2,Car,10,1.4118235,1.4801494,3.630527,45.56637976797996,203.4801103984362,262.183998768941,176.37669618966498,203.25043758483778,1577.5931149600383,,,,,,,,,,
110926_0013_2,Car,11,1.4118235,1.4801494,3.630527,44.50107304246378,192.905602161081,254.36111371629482,177.6350464946519,205.34204693900844,1702.747885968468,,,,,,,,,,
110926_0013_2,Car,12,1.4118235,1.4801494,3.630527,43.44044919821019,181.65727622722548,246.08383515004417,178.97379609133702,207.5670338919709,1842.1639199567057,,,,,,,,,,
110926_0013_2,Car,13,1.4118235,1.4801494,3.630527,42.384859706554224,169.6685947642833,237.31139873703805,180.40090279669124,209.93857486318873,1998.0109614056032,,,,,,,,,,
110926_0013_2,Car,14,1.4118235,1.4801494,3.630527,41.33469050673327,156.86396499308404,227.99801675490102,181.79775668275704,212.4716401995319,2181.957617818207,,,,,,,,,,
110926_0013_2,Car,15,1.4118235,1.4801494,3.630527,40.29036527102209,143.15713509499633,218.09207285188623,183.2603665473427,215.1833121119387,2392.143938899586,145.0,225.0,180.0,215.0,2800.0,0.8077058392921391,1.8428649050036654,6.907927148113771,3.2603665473426986,0.18331211193870445
110926_0013_2,Car,16,1.4118235,1.4801494,3.630527,39.29052762279857,127.91103835984306,207.14496627562386,183.34855355457233,216.42299125606198,2620.617612694813,,,,,,,,,,
110926_0013_2,Car,17,1.4118235,1.4801494,3.630527,38.29771020175311,111.54068679893074,195.4700845884757,183.4426014349607,217.75417034004897,2879.7493154185354,117.0,195.0,181.0,214.0,2574.0,0.7763080637751131,5.459313201069264,0.4700845884756859,2.442601434960693,3.7541703400489723
110926_0013_2,Car,18,1.4118235,1.4801494,3.630527,37.31247332562349,93.91690167633685,182.99240778895495,183.5431140812277,219.18736868178033,3175.03001855124,,,,,,,,,,
110926_0013_2,Car,19,1.4118235,1.4801494,3.630527,36.335433865288536,74.8899302696131,169.6262431953778,183.65078125859606,220.73478186566615,3513.201486050641,,,,,,,,,,
110926_0013_2,Car,20,1.4118235,1.4801494,3.630527,35.3672710414326,54.28516567018129,155.2732475440495,183.76639451146366,222.41063066044453,3902.6072841663768,58.0,168.0,185.0,221.0,3960.0,0.8030317151309855,3.714834329818707,12.726752455950503,1.233605488536341,1.4106306604445251
110926_0013_2,Car,21,1.4118235,1.4801494,3.630527,34.46301590226384,31.617991236322695,139.19464494401342,183.88345079684453,224.16871878340336,4333.754323711559,32.0,162.0,184.0,225.0,5330.0,0.8036516900362205,0.3820087636773053,22.80535505598658,0.11654920315547201,0.8312812165966363
110926_0013_2,Car,22,1.4118235,1.4801494,3.630527,33.49360780179947,3.68797544085822,119.45445101268747,184.0291445864529,226.29160591254123,4892.576196711982,,,,,,,,,,
110926_0013_2,Car,23,1.4118235,1.4801494,3.630527,32.63354843505875,0.0,100.03830616425847,184.17274136268276,228.39490648747778,4423.910494000638,0.0,89.0,184.0,231.0,4183.0,0.8425725950284138,0.0,11.038306164258472,0.17274136268275697,2.6050935125222168
110926_0013_2,Car,24,1.4118235,1.4801494,3.630527,31.71001608809711,0.0,75.80636651824071,184.35437358458498,230.98099448499372,3534.5947134834473,0.0,83.0,177.0,230.0,4399.0,0.7735180564593171,0.0,7.193633481759292,7.354373584584977,0.9809944849937153
110926_0013_2,Car,25,1.4118235,1.4801494,3.630527,30.88796579930334,0.0,51.31695875815467,184.5387745804632,233.6061654935034,2517.989275854736,,,,,,,,,,
110926_0013_3,Car,6,1.315632,1.5138648,3.5471182,53.67307999858841,276.448690369986,319.980292128649,179.03663616659009,199.37996280763053,885.577593784172,,,,,,,,,,
110926_0013_3,Car,7,1.315632,1.5138648,3.5471182,52.58099652154164,268.1345182595216,313.33725365306765,180.81498632582753,201.69901289412618,944.0151269185895,,,,,,,,,,
110926_0013_3,Car,8,1.315632,1.5138648,3.5471182,51.48500777986652,259.52720331608174,306.5020847092253,179.65867579161628,201.07842382027422,1006.1901231172278,,,,,,,,,,
110926_0013_3,Car,9,1.315632,1.5138648,3.5471182,50.3932092652598,250.45310801963967,299.3239939264303,178.42506903443746,200.4241678210857,1075.1154468545024,,,,,,,,,,
110926_0013_3,Car,10,1.315632,1.5138648,3.5471182,49.30587933579954,240.8732028784031,291.7765110214054,177.1227075881988,199.73342894998345,1150.9605168144876,,,,,,,,,,
110926_0013_3,Car,11,1.315632,1.5138648,3.5471182,48.22332026276695,230.74398241822334,283.8303694264325,175.7456787192345,199.00306821433261,1234.6507795374378,,,,,,,,,,
110926_0013_3,Car,12,1.315632,1.5138648,3.5471182,47.168092128148196,222.1736982746692,277.4641807208521,177.2356939293756,201.14375531540614,1321.8882483865846,,,,,,,,,,
110926_0013_3,Car,13,1.315632,1.5138648,3.5471182,46.11643930455202,213.11247973846287,270.7621087984577,178.81138663335358,203.40717157764215,1417.9378784776413,,,,,,,,,,
110926_0013_3,Car,14,1.315632,1.5138648,3.5471182,45.06861199887071,203.51688585419862,263.6968617746281,180.480363232225,205.80418096950999,1523.9867416431555,,,,,,,,,,
110926_0013_3,Car,15,1.315632,1.5138648,3.5471182,44.02488360237808,193.33819767336325,256.23811106280317,182.09936826030298,208.34696790444897,1650.971744297477,,,,,,,,,,
110926_0013_3,Car,16,1.315632,1.5138648,3.5471182,42.98555252404003,182.5215840811884,248.3520514923404,183.8052269116116,211.04924601092995,1793.4865114664783,,,,,,,,,,
110926_0013_3,Car,17,1.315632,1.5138648,3.5471182,41.90468129460649,174.1522812329426,242.74143489751984,183.75302814440454,211.85437993466567,1927.4479361245633,181.0,242.0,174.0,208.0,2074.0,0.58637625083226,6.847718767057387,0.7414348975198379,9.753028144404539,3.8543799346656726
110926_0013_3,Car,18,1.315632,1.5138648,3.5471182,40.91038843979689,160.1578207272704,232.24084010904895,183.88795524346568,212.94639523083438,2094.620092813747,,,,,,,,,,
110926_0013_3,Car,19,1.315632,1.5138648,3.5471182,39.922958471426234,145.19333480782086,221.08294971304952,184.03132481953597,214.11413806388438,2282.9731123795136,,,,,,,,,,
110926_0013_3,Car,20,1.315632,1.5138648,3.5471182,38.94291343557916,129.15434303559493,209.20405651424844,184.18395482120164,215.36576856616452,2496.095256029018,,,,,,,,,,
110926_0013_3,Car,21,1.315632,1.5138648,3.5471182,37.97082516241163,111.92080154097754,196.53194552223528,184.34677238563967,216.71066296019382,2738.345805197271,,,,,,,,,,
110926_0013_3,Car,22,1.315632,1.5138648,3.5471182,37.01644391599763,92.31183464600713,182.05133478269371,186.7289409614574,220.65820654584576,3044.7953335478946,,,,,,,,,,
110926_0013_3,Car,23,1.315632,1.5138648,3.5471182,36.050181635875404,71.87098805938928,167.19857692195217,185.83254885061694,221.0326517193018,3355.5409341859113,87.0,164.0,181.0,221.0,3080.0,0.7264350933313145,15.129011940610724,3.198576921952167,4.832548850616945,0.032651719301810544
110926_0013_3,Car,24,1.315632,1.5138648,3.5471182,35.09429764782465,49.6907354890186,151.22897446816538,184.86878459824183,221.43897600498832,3713.2728345713645,,,,,,,,,,
110926_0013_3,Car,25,1.315632,1.5138648,3.5471182,34.14966345997725,25.53918875548687,134.01163619554507,183.82975609450682,221.8814316390453,4127.558375511098,,,,,,,,,,
110926_0013_3,Car,26,1.315632,1.5138648,3.5471182,33.217238854040694,0.0,115.39438589185775,182.70628847779284,222.3650623000611,4576.399850444732,9.0,116.0,179.0,222.0,4601.0,0.8366666243690485,9.0,0.6056141081422481,3.706288477792839,0.36506230006111196
110926_0013_3,Car,27,1.315632,1.5138648,3.5471182,32.31943575834246,0.0,93.01156083408193,184.33176155624312,226.22516053238803,3896.570427416168,0.0,93.0,182.0,226.0,4092.0,0.942073060722333,0.0,0.011560834081933535,2.331761556243123,0.22516053238803124
110926_0013_3,Car,28,1.315632,1.5138648,3.5471182,31.43924125294093,0.0,68.59784267509642,186.10463889199755,230.49231385195597,3044.898743616544,0.0,70.0,184.0,229.0,3150.0,0.9047339863974201,0.0,1.402157324903584,2.1046388919975527,1.49231385195597
110926_0013_3,Car,29,1.315632,1.5138648,3.5471182,30.578176044497166,0.0,41.86369275301733,188.0459237022091,235.23449241998503,1975.4877422556162,0.0,43.0,179.0,230.0,2193.0,0.7281318943859534,0.0,1.1363072469826676,9.045923702209109,5.234492419985031
110926_0013_3,Car,30,1.315632,1.5138648,3.5471182,29.767083606640426,0.0,10.7920340645122,185.84337233035333,235.41185397158995,534.9447423983731,,,,,,,,,,
110926_0013_3,Car,31,1.315632,1.5138648,3.5471182,28.980598961914676,0.0,0.0,183.4098864014276,235.6114040455671,0.0,,,,,,,,,,
110926_0013_4,Car,55,1.467936,1.6224394,4.316936,64.19867365628753,244.32148860947987,285.52145300274555,181.67475901724538,201.04044086178143,797.865402446197,239.0,285.0,179.0,201.0,1012.0,0.7678897473510534,5.3214886094798715,0.5214530027455453,2.6747590172453783,0.04044086178143402
110926_0013_4,Car,56,1.467936,1.6224394,4.316936,63.19729156922489,239.60167006935487,282.02266477097737,182.12547055433242,201.89591232197165,838.6818054737599,237.0,280.0,181.0,202.0,903.0,0.8469800280510957,2.601670069354867,2.0226647709773715,1.1254705543324235,0.10408767802834973
110926_0013_4,Car,57,1.467936,1.6224394,4.316936,62.19731781446923,234.70033671622113,278.3989074864124,182.5922544079959,202.78432228820634,882.3645072598812,233.0,276.0,181.0,201.0,860.0,0.774065618439019,1.7003367162211305,2.3989074864123836,1.5922544079959096,1.78432228820634
110926_0013_4,Car,58,1.467936,1.6224394,4.316936,61.199585164633554,229.50570917760288,274.55015209829907,182.228531387807,202.78779561705483,926.0806040658641,227.0,270.0,181.0,202.0,903.0,0.7784844914798363,2.5057091776028813,4.5501520982990655,1.2285313878070099,0.7877956170548259
110926_0013_4,Car,59,1.467936,1.6224394,4.316936,60.20340713125232,224.1033038859796,270.5588556279058,181.85136074350183,202.7913984958792,972.7810072834553,221.0,266.0,181.0,203.0,990.0,0.8082437765141327,3.1033038859796136,4.558855627905814,0.8513607435018287,0.20860150412079292
110926_0013_4,Car,60,1.467936,1.6224394,4.316936,59.20886227161463,218.48039405029496,266.41695620716155,181.45998218753587,202.79513886053746,1022.7340639818277,215.0,265.0,180.0,203.0,1150.0,0.8409396938985072,3.4803940502949615,1.4169562071615474,1.4599821875358714,0.2048611394625368
110926_0013_4,Car,61,1.467936,1.6224394,4.316936,58.16108771540134,212.7360534584459,262.22599433198013,180.71467504663656,202.48086586068112,1077.2074964291294,212.0,262.0,181.0,203.0,1100.0,0.9457154744541281,0.7360534584458946,0.2259943319801323,0.28532495336344255,0.5191341393188793
110926_0013_4,Car,62,1.467936,1.6224394,4.316936,57.11505300360876,206.73590323802568,257.8634241083185,179.90391443525652,202.15257885449066,1137.5190544305342,204.0,253.0,178.0,202.0,1176.0,0.7916706005661579,2.735903238025685,4.8634241083184975,1.9039144352565245,0.1525788544906561
110926_0013_4,Car,63,1.467936,1.6224394,4.316936,56.11579377246051,198.64587950437172,251.66848490227358,179.67947605753872,202.4396220222246,1206.8022382841875,197.0,252.0,179.0,202.0,1265.0,0.9186394738365423,1.6458795043717203,0.33151509772642385,0.6794760575387215,0.43962202222459723
110926_0013_4,Car,64,1.467936,1.6224394,4.316936,55.11741721987966,190.30852530882544,245.32798970228959,179.94681809905651,203.24400736923323,1281.7988755182828,186.0,240.0,179.0,202.0,1242.0,0.7674357858655502,4.308525308825438,5.327989702289585,0.9468180990565145,1.2440073692332305
110926_0013_4,Car,65,1.467936,1.6224394,4.316936,54.132818176503385,181.3106847623889,238.47615054355643,182.52019480623562,206.53416235325574,1372.7696400792463,,,,,,,,,,
110926_0013_4,Car,66,1.467936,1.6224394,4.316936,53.121863233710876,172.33605884122267,231.74519899768046,185.54897542598883,210.4760527342295,1480.8962294961295,,,,,,,,,,
110926_0013_4,Car,67,1.467936,1.6224394,4.316936,52.1241063771728,162.470645692484,224.3124963893983,187.92341836745015,213.7430520294905,1596.7339299769224,163.0,222.0,187.0,214.0,1593.0,0.914174713870307,0.5293543075160017,2.312496389398291,0.9234183674501537,0.25694797050948637
110926_0013_4,Car,68,1.467936,1.6224394,4.316936,51.103172858746134,152.71096523307594,217.0818194988792,184.71436883845888,210.87344119221956,1683.881834212532,,,,,,,,,,
110926_0013_4,Car,69,1.467936,1.6224394,4.316936,50.08683766687855,142.42304232654806,209.49708715947554,181.34829639019208,207.84840119297394,1777.4692176190676,,,,,,,,,,
110926_0013_4,Car,70,1.467936,1.6224394,4.316936,49.08317171129009,131.3391907353848,201.33350165389126,179.22914525849316,206.41717289435766,1903.0072596056464,,,,,,,,,,
110926_0013_4,Car,71,1.467936,1.6224394,4.316936,48.07848806704152,120.08521269545544,193.22027275156609,179.4210535134836,207.38745444377415,2045.3244115900677,,,,,,,,,,
110926_0013_4,Car,72,1.467936,1.6224394,4.316936,47.07834109579431,108.16925075513495,184.67809478369085,179.62427778876744,208.4148507053859,2202.7334527703274,,,,,,,,,,
110926_0013_4,Car,73,1.467936,1.6224394,4.316936,46.08302626758365,95.53111282285303,175.67203852133457,179.83984880123586,209.50455722934132,2377.3571940039183,,,,,,,,,,
110926_0013_4,Car,74,1.467936,1.6224394,4.316936,45.10276878848495,81.76327340575503,165.8646659525597,181.30069451700746,211.95641656412116,2578.1889136900436,80.0,163.0,182.0,213.0,2573.0,0.8954726321600132,1.7632734057550294,2.8646659525597045,0.6993054829925427,1.043583435878844
110926_0013_4,Car,75,1.467936,1.6224394,4.316936,44.10630637747303,67.80483293219564,156.1034945094008,178.89657455294198,210.47378165709003,2788.225123642487,70.0,155.0,176.0,211.0,2975.0,0.8716859167393743,2.1951670678043627,1.1034945094008037,2.896574552941985,0.5262183429099707
110926_0013_4,Car,76,1.467936,1.6224394,4.316936,43.1499355320222,53.40792223455508,146.19226050761094,178.7081029320515,211.30123325523664,3024.132029284204,53.0,148.0,174.0,211.0,3515.0,0.8456745172358549,0.40792223455508037,1.8077394923890608,4.708102932051503,0.3012332552366388
110926_0013_4,Car,77,1.467936,1.6224394,4.316936,42.199070377160055,38.05513113555523,135.69787225700253,178.50705979427337,212.18366445546965,3288.275990782514,38.0,137.0,174.0,211.0,3663.0,0.8396548185310806,0.05513113555522864,1.3021277429974702,4.507059794273374,1.1836644554696534
110926_0013_4,Car,78,1.467936,1.6224394,4.316936,41.25409154629205,21.64795163064881,124.56733320744942,178.2921439945101,213.12674417514356,3585.1555080659027,16.0,123.0,175.0,214.0,4173.0,0.8351216369442589,5.647951630648809,1.5673332074494226,3.2921439945100985,0.873255824856443
110926_0013_4,Car,79,1.467936,1.6224394,4.316936,40.31541317695042,4.073863436187044,112.74102855533486,178.0618684927823,214.13694812423444,3920.1766349974146,1.0,111.0,174.0,213.0,4290.0,0.8349317104942328,3.073863436187044,1.7410285553348643,4.06186849278231,1.1369481242344364
110926_0013_4,Car,80,1.467936,1.6224394,4.316936,39.383485621888155,0.0,100.15165011937408,177.81452575398527,215.2217083816099,3746.3910664733894,0.0,96.0,172.0,212.0,3840.0,0.7623975637128625,0.0,4.151650119374082,5.814525753985265,3.2217083816098864
110926_0013_4,Car,81,1.467936,1.6224394,4.316936,38.44515081679144,0.0,86.14494177902418,177.05131077567262,215.9245263108763,3348.7308890435797,0.0,82.0,170.0,211.0,3362.0,0.7088964104412891,0.0,4.14494177902418,7.0513107756726185,4.924526310876303
110926_0013_4,Car,82,1.467936,1.6224394,4.316936,37.51522283965967,0.0,71.1492005626919,176.22551672651463,216.68465767354968,2878.6355338348176,0.0,68.0,171.0,212.0,2788.0,0.7522223019004362,0.0,3.1492005626919024,5.225516726514627,4.68465767354968
110926_0013_4,Car,83,1.467936,1.6224394,4.316936,36.594342525645835,0.0,55.05588752287213,175.32912070337954,217.5094154908187,2322.2735654988396,0.0,49.0,173.0,213.0,1960.0,0.757623018347684,0.0,6.055887522872133,2.3291207033795445,4.5094154908186965
110926_0013_4,Car,84,1.467936,1.6224394,4.316936,35.68321057356855,0.0,37.73998497492188,174.35266747583887,218.40741193554834,1662.6253939834583,0.0,33.0,172.0,213.0,1353.0,0.7328557034167131,0.0,4.739984974921882,2.352667475838871,5.407411935548339
110926_0013_4,Car,85,1.467936,1.6224394,4.316936,34.7825929197596,0.0,19.056732770830365,173.28493416242407,219.38886092030907,878.5902119109502,,,,,,,,,,
110926_0013_5,Van,64,2.6663311,1.8259914,5.2744513,86.62152651077848,360.5745425309798,387.4619665675828,169.40608384730274,193.79556871107135,655.7704215664578,,,,,,,,,,
110926_0013_5,Van,65,2.6663311,1.8259914,5.2744513,84.0432682739176,355.4627400611242,383.6219006435026,170.02729450938207,195.24477169668265,710.1029895996617,,,,,,,,,,
110926_0013_5,Van,66,2.6663311,1.8259914,5.2744513,81.47899507417732,349.83472639505516,379.38539368872256,174.03559192163718,200.1506145523961,771.7163451281515,,,,,,,,,,
110926_0013_5,Van,67,2.6663311,1.8259914,5.2744513,78.90137675452632,344.3931778760513,375.4127278995894,176.05030876783195,203.11890808867622,839.6557707000384,,,,,,,,,,
110926_0013_5,Van,68,2.6663311,1.8259914,5.2744513,76.32949663695722,337.7223694968748,370.402575655592,172.0716006734657,200.1479512902339,917.5409263404106,,,,,,,,,,
110926_0013_5,Van,69,2.6663311,1.8259914,5.2744513,73.7629332753468,330.5297923352067,365.02954634631516,167.78204415198962,196.94448493421083,1006.0970333501489,,,,,,,,,,
110926_0013_5,Van,70,2.6663311,1.8259914,5.2744513,71.29848310537504,323.21175763665036,359.6606920875003,163.39235820441098,193.68086751416766,1103.9838904452795,,,,,,,,,,
110926_0013_5,Van,71,2.6663311,1.8259914,5.2744513,68.84810123786319,315.21120185268217,353.8123527667082,163.92947872440234,195.45451264028185,1216.9025917566544,,,,,,,,,,
110926_0013_5,Van,72,2.6663311,1.8259914,5.2744513,66.40309800311778,306.5318435232466,347.508497515016,164.51215298915864,197.37874169459607,1346.7628332725064,,,,,,,,,,
110926_0013_5,Van,73,2.6663311,1.8259914,5.2744513,63.96409019274226,297.0834549454608,340.6937607012077,165.14643138949208,199.47358059802374,1497.0174727072103,,,,,,,,,,
110926_0013_5,Van,74,2.6663311,1.8259914,5.2744513,61.53179075388483,286.7590759468923,333.3034253789865,165.8394854235853,201.76277094233112,1672.0259539333938,286.0,331.0,162.0,197.0,1575.0,0.7378123768739381,0.7590759468923238,2.3034253789865033,3.8394854235853018,4.762770942331116
110926_0013_5,Van,75,2.6663311,1.8259914,5.2744513,59.13405275495635,275.9517108285169,325.78866466857585,164.8311481077456,202.46825348375174,1875.7186832974512,278.0,321.0,162.0,197.0,1505.0,0.692510478520457,2.048289171483077,4.788664668575848,2.831148107745605,5.468253483751738
110926_0013_5,Van,76,2.6663311,1.8259914,5.2744513,56.743480068514124,264.0619268960221,317.59318388263364,163.7217508291822,203.24444410271263,2115.6994504283803,,,,,,,,,,
110926_0013_5,Van,77,2.6663311,1.8259914,5.2744513,54.361018005180526,250.91849228605506,308.62013682151854,162.49529956240224,204.10253524835952,2400.805923654358,252.0,304.0,159.0,196.0,1924.0,0.6746187543446367,1.0815077139449443,4.6201368215185425,3.495299562402238,8.102535248359516
110926_0013_5,Van,78,2.6663311,1.8259914,5.2744513,51.98778164191147,236.31204682589185,298.7533921533192,161.1322373188273,205.05621317634228,2742.672144672676,,,,,,,,,,
110926_0013_5,Van,79,2.6663311,1.8259914,5.2744513,49.627375528932845,219.83804409381708,287.7235082594392,159.0870527415669,205.59950485378292,3157.519401119055,,,,,,,,,,
110926_0013_5,Van,80,2.6663311,1.8259914,5.2744513,47.30178235172175,200.49252754307213,274.7874434953886,157.0524893826131,206.4762330315605,3671.932880447381,,,,,,,,,,
110926_0013_5,Van,81,2.6663311,1.8259914,5.2744513,44.991903490778014,178.56449891846748,260.33790978706344,154.74603392821712,207.47008749632735,4311.425695082941,179.0,260.0,154.0,201.0,3807.0,0.8569752951366254,0.43550108153252154,0.3379097870634382,0.7460339282171162,6.470087496327352
110926_0013_5,Van,82,2.6663311,1.8259914,5.2744513,42.71180270796338,152.99541790016252,243.66009138645393,152.94814746078598,209.45054476611264,5122.771402880154,151.0,242.0,152.0,204.0,4732.0,0.855566751959226,1.995417900162522,1.660091386453928,0.9481474607859752,5.4505447661126425
110926_0013_5,Van,83,2.6663311,1.8259914,5.2744513,40.454159791128006,123.48388275018475,224.77105716152218,150.87274635314927,211.73666952052497,6164.734801212224,123.0,225.0,152.0,207.0,5610.0,0.8979445973562759,0.4838827501847476,0.2289428384778205,1.1272536468507326,4.73666952052497
110926_0013_5,Van,84,2.6663311,1.8259914,5.2744513,38.22295457442792,89.04177532312825,203.19992537049384,148.45020137799082,214.40514602022387,7529.294466833731,84.0,200.0,147.0,211.0,7424.0,0.8661573282174595,5.041775323128249,3.199925370493844,1.4502013779908225,3.4051460202238673
110926_0013_5,Van,85,2.6663311,1.8259914,5.2744513,36.037104777668794,43.96369538552802,174.7779648810986,144.99878281933994,217.13722036734683,9436.737010394361,37.0,169.0,145.0,213.0,8976.0,0.8579453612464056,6.96369538552802,5.7779648810985975,0.0012171806600633772,4.137220367346828
110926_0013_5,Van,86,2.6663311,1.8259914,5.2744513,33.8996136222498,0.0,141.52273672334454,142.01884306072384,221.6258895086747,11266.20707577641,1.0,136.0,139.0,218.0,10665.0,0.878676980891417,1.0,5.522736723344536,3.018843060723839,3.625889508674703
110926_0013_5,Van,87,2.6663311,1.8259914,5.2744513,31.8187030009745,0.0,102.08047246462675,138.35149297922948,227.15175806774442,9064.773015219705,0.0,98.0,139.0,214.0,7350.0,0.8108311137696874,0.0,4.080472464626752,0.6485070207705235,13.151758067744424
110926_0013_5,Van,88,2.6663311,1.8259914,5.2744513,29.806225717723446,0.0,54.54753328677979,133.72786047967844,234.1212841165568,5476.213617606408,,,,,,,,,,
110926_0013_5,Van,89,2.6663311,1.8259914,5.2744513,27.87700658881416,0.0,0.0,127.7178292227299,243.185213516798,0.0,,,,,,,,,,
110926_0013_6,Car,98,1.427856,1.7304174,3.8663514,60.74611435401375,277.2161330880198,320.94177658412514,168.6754646961601,188.1289046458824,850.6141800144503,,,,,,,,,,
110926_0013_6,Car,99,1.427856,1.7304174,3.8663514,59.65451019783175,270.2645875587442,315.41715932641296,171.9114257579955,191.8042209515029,898.2108626343799,,,,,,,,,,
110926_0013_6,Car,100,1.427856,1.7304174,3.8663514,58.557938675337205,263.2028793292329,309.8486240189153,172.14013666795486,192.48944170371362,949.208487310471,,,,,,,,,,
110926_0013_6,Car,101,1.427856,1.7304174,3.8663514,57.469285865845805,255.70261036562675,303.9387796691882,173.99464458303152,194.82337173800238,1004.6980094248621,,,,,,,,,,
110926_0013_6,Car,102,1.427856,1.7304174,3.8663514,56.3845366969144,247.84158933965676,297.76513828345657,175.93844294079474,197.2696001235494,1064.9270696411386,246.0,301.0,171.0,195.0,1320.0,0.6639337654136177,1.841589339656764,3.234861716543435,4.938442940794744,2.269600123549395
110926_0013_6,Car,103,1.427856,1.7304174,3.8663514,55.303920698799885,239.5931454211035,291.3096336864308,177.9781396377033,199.83643181115124,1130.4341106882168,,,,,,,,,,
110926_0013_6,Car,104,1.427856,1.7304174,3.8663514,54.223133737635,230.51015424202896,284.1694575105593,177.76343697051638,200.17888943282526,1202.7975615763576,,,,,,,,,,
110926_0013_6,Car,105,1.427856,1.7304174,3.8663514,53.14690625865248,220.95212578908203,276.68478267293807,177.53749667272987,200.53926342152496,1281.9495739330857,,,,,,,,,,
110926_0013_6,Car,106,1.427856,1.7304174,3.8663514,52.07552087089037,210.88079166539117,268.83006067348384,177.2994127466127,200.91899758479585,1368.7376756473427,,,,,,,,,,
110926_0013_6,Car,107,1.427856,1.7304174,3.8663514,51.00928292514797,200.25366283267104,260.5771552180106,177.04817919097582,201.31969502386448,1464.1426005259082,,,,,,,,,,
110926_0013_6,Car,108,1.427856,1.7304174,3.8663514,49.948521895517075,189.02342349787511,251.89500008763258,176.78267562863707,201.74314101712048,1569.3038113880252,,,,,,,,,,
110926_0013_6,Car,109,1.427856,1.7304174,3.8663514,48.83795837410461,176.5747876847082,242.33381614844916,177.4080739786515,203.1376551482368,1691.9522604908939,178.0,240.0,175.0,202.0,1674.0,0.8280771517444296,1.4252123152917875,2.3338161484491593,2.408073978651487,1.137655148236803
110926_0013_6,Car,110,1.427856,1.7304174,3.8663514,47.73430088464197,163.3353768046188,232.21886031479923,178.07324135306703,204.62078852281732,1828.6875277032314,,,,,,,,,,
110926_0013_6,Car,111,1.427856,1.7304174,3.8663514,46.63803962796404,149.22736836794928,221.50058717404718,178.78209565188746,206.20126584172326,1981.6716866116394,,,,,,,,,,
110926_0013_6,Car,112,1.427856,1.7304174,3.8663514,45.54970888060472,134.1623865244053,210.12336275654792,179.5390866520935,207.88899542628124,2153.4867465794878,,,,,,,,,,
110926_0013_6,Car,113,1.427856,1.7304174,3.8663514,44.469890730709736,118.0396391955007,198.02449125531294,180.3492899974439,209.6952782355668,2347.234527775251,,,,,,,,,,
110926_0013_6,Car,114,1.427856,1.7304174,3.8663514,43.359961353236,100.11733420609654,184.67793453312527,179.90247994688406,210.3543857789,2575.0314382574147,,,,,,,,,,
110926_0013_6,Car,115,1.427856,1.7304174,3.8663514,42.26045591830386,80.79178446822708,170.39412731775107,179.42063155502018,211.06512198261126,2835.420480591496,,,,,,,,,,
110926_0013_6,Car,116,1.427856,1.7304174,3.8663514,41.17220946909993,59.8914683529206,155.07075159893975,178.89945515311234,211.83380050329228,3134.6673846069903,,,,,,,,,,
110926_0013_6,Car,117,1.427856,1.7304174,3.8663514,40.09613900250563,37.21572998894476,138.59003887775026,178.33393122327686,212.66780794665914,3480.573024306324,,,,,,,,,,
110926_0013_6,Car,118,1.427856,1.7304174,3.8663514,39.033251359149865,12.528301809214756,120.81572699669215,177.71814784981288,213.57584253900893,3882.937431051723,,,,,,,,,,
110926_0013_6,Car,119,1.427856,1.7304174,3.8663514,37.94995311196708,0.0,100.57661205749724,177.58287992714048,215.17560062946382,3780.9484862634195,,,,,,,,,,
110926_0013_6,Car,120,1.427856,1.7304174,3.8663514,36.883819024619676,0.0,78.53907091193427,177.43384098808602,216.9380261770482,3102.6220018740833,,,,,,,,,,
110926_0013_6,Car,121,1.427856,1.7304174,3.8663514,35.83638095633062,0.0,54.4522501599075,177.26881524409492,218.88925901138333,2266.326815782751,,,,,,,,,,
110926_0013_6,Car,122,1.427856,1.7304174,3.8663514,34.80932691738093,0.0,28.01637603709395,177.08508465638772,221.0613559756805,1232.055753990576,,,,,,,,,,
110926_0013_6,Car,123,1.427856,1.7304174,3.8663514,33.816380847801874,0.0,0.0,181.95734719800532,228.84197172687593,0.0,,,,,,,,,,
110926_0013_7,Car,103,1.5,1.791984,4.5,68.20808276950105,311.3404651709065,348.38777501876575,177.21161687274923,195.162540665775,665.0334358155344,,,,,,,,,,
110926_0013_7,Car,104,1.5,1.791984,4.5,67.08982440620528,305.827715934159,343.98140828938557,177.1443880456339,195.45106397536352,698.4672814697356,,,,,,,,,,
110926_0013_7,Car,105,1.5,1.791984,4.5,65.97397690397752,300.0920558725024,339.40967969187847,177.074444114962,195.75125717455285,734.3279100218032,,,,,,,,,,
110926_0013_7,Car,106,1.5,1.791984,4.5,64.86066460773377,294.119685001696,334.6631025587099,177.00161720339963,196.06384292140964,772.8477768513295,,,,,,,,,,
110926_0013_7,Car,107,1.5,1.791984,4.5,63.750020592851655,287.8956421211456,329.7314519182074,176.92572532545228,196.38960469995357,814.2871554245904,,,,,,,,,,
110926_0013_7,Car,108,1.5,1.791984,4.5,62.64218661020512,281.4036756027719,324.6036877393522,176.84657081940964,196.72939359008205,858.9381850025239,,,,,,,,,,
110926_0013_7,Car,109,1.5,1.791984,4.5,61.473059924483614,274.58267529496834,319.28062708369333,177.42373339062593,197.76859709946964,909.3737372060773,,,,,,,,,,
110926_0013_7,Car,110,1.5,1.791984,4.5,60.30715387710164,267.43840318581545,313.7253179045984,178.0282178648336,198.85706875921858,964.1032450386432,,,,,,,,,,
110926_0013_7,Car,111,1.5,1.791984,4.5,59.144658845155426,259.9473188321102,307.92222150977,178.66201131849525,199.99839734146536,1023.6110429449716,,,,,,,,,,
110926_0013_7,Car,112,1.5,1.791984,4.5,57.98578024506136,252.08354173230765,301.8543832744901,179.32729810125107,201.19652847532132,1088.449999597333,,,,,,,,,,
110926_0013_7,Car,113,1.5,1.791984,4.5,56.83073912934713,243.81854746369532,295.5032632439825,180.02648542088474,202.45581099956863,1159.2533176778013,,,,,,,,,,
110926_0013_7,Car,114,1.5,1.791984,4.5,55.64991779824508,234.82547446032876,288.62349567597545,178.956839272613,201.98490912427894,1238.8645904353184,,,,,,,,,,
110926_0013_7,Car,115,1.5,1.791984,4.5,54.47363769368415,225.33677061169504,281.39828400000755,177.82830006327097,201.4880427861566,1326.400983423082,,,,,,,,,,
110926_0013_7,Car,116,1.5,1.791984,4.5,53.302199465705954,215.31030042504344,273.80094127221497,176.6358664272058,200.96300387547993,1422.909859326779,,,,,,,,,,
110926_0013_7,Car,117,1.5,1.791984,4.5,52.135929490600326,204.6990129746126,265.80195899605644,175.3739541942761,200.40732659705446,1529.6128026616677,,,,,,,,,,
110926_0013_7,Car,118,1.5,1.791984,4.5,50.97668552022836,193.64646925039892,257.5486421420486,178.48998330768384,204.28651515295894,1648.4544379817162,,,,,,,,,,
110926_0013_7,Car,119,1.5,1.791984,4.5,49.676736339472,180.18970918875536,247.52223710588677,179.0890216907298,205.79292351727528,1798.0412152322108,,,,,,,,,,
110926_0013_7,Car,120,1.5,1.791984,4.5,48.38488368943727,165.75436945862677,236.8415817176173,179.73156061550466,207.40892448156606,1967.506639916021,,,,,,,,,,
110926_0013_7,Car,121,1.5,1.791984,4.5,47.1017937612266,150.2296766422336,225.44048023472283,180.4225167948801,209.14692882800307,2160.3861117329457,,,,,,,,,,
110926_0013_7,Car,122,1.5,1.791984,4.5,45.82820257216811,133.48748258957252,213.2434951623167,181.13178277349766,211.02129479240065,2383.8682963728147,135.0,210.0,176.0,209.0,2475.0,0.7548947282665099,1.5125174104274777,3.243495162316691,5.131782773497662,2.021294792400653
110926_0013_7,Car,123,1.5,1.791984,4.5,44.56305946912627,115.37453426130861,200.1592356260263,180.74764610240024,211.81836665963365,2634.3217636316294,117.0,195.0,177.0,209.0,2496.0,0.7529743971833467,1.625465738691389,5.1592356260262875,3.747646102400239,2.8183666596336536
110926_0013_7,Car,124,1.5,1.791984,4.5,43.40015707679669,96.15664432760909,186.27889376243647,180.75743669281357,213.0714614788446,2912.212602009884,92.0,183.0,175.0,211.0,3276.0,0.7373606279309155,4.1566443276090865,3.278893762436468,5.75743669281357,2.0714614788446113
110926_0013_7,Car,125,1.5,1.791984,4.5,42.248911904846786,75.33749457009677,171.3833391984303,180.76804179284613,214.42901693896218,3232.996788922058,70.0,169.0,176.0,214.0,3762.0,0.8017158956892869,5.337494570096766,2.383339198430292,4.768041792846134,0.4290169389621781
110926_0013_7,Car,126,1.5,1.791984,4.5,41.11030322040156,52.70825257958724,155.35696505547426,180.77956742935237,215.90466338974358,3605.545875926138,48.0,147.0,181.0,217.0,3564.0,0.8486195476085416,4.7082525795872385,8.356965055474262,0.2204325706476311,1.0953366102564246
110926_0013_7,Car,127,1.5,1.791984,4.5,39.9854107929714,28.022129340547203,138.06592434608652,180.79213886246023,217.51450988491285,4041.0690689121334,23.0,126.0,179.0,219.0,4120.0,0.7884964421965885,5.0221293405472025,12.065924346086518,1.7921388624602343,1.4854901150871456
110926_0013_7,Car,128,1.5,1.791984,4.5,38.8754251289081,0.9853261736236136,119.35437185309303,180.80440187837564,219.2777357028087,4554.051808905793,1.0,108.0,178.0,219.0,4387.0,0.8419500616435264,0.014673826376386367,11.354371853093028,2.804401878375643,0.2777357028087124
110926_0013_7,Car,129,1.5,1.791984,4.5,37.76217545856366,0.0,98.79867574454255,180.8137623010334,221.2467481900946,3994.725462237022,0.0,90.0,174.0,216.0,3780.0,0.687236563753724,0.0,8.79867574454255,6.8137623010333925,5.246748190094593
110926_0013_7,Car,130,1.5,1.791984,4.5,36.66706890273766,0.0,76.37044037684734,180.82397538455183,223.4267177482173,3253.590195574502,0.0,70.0,176.0,218.0,2940.0,0.7246246675829247,0.0,6.370440376847341,4.823975384551829,5.4267177482173
110926_0013_7,Car,131,1.5,1.791984,4.5,35.591780132082235,0.0,51.80158825297092,180.83516313356398,225.85346602310423,2332.019590131495,0.0,42.0,178.0,217.0,1638.0,0.6196913032566426,0.0,9.801588252970923,2.835163133563981,8.853466023104232
110926_0013_7,Car,132,1.5,1.791984,4.5,34.53816042382546,0.0,24.770314504149912,180.84747199063486,228.5714106789094,1182.1369706853277,,,,,,,,,,
110926_0013_7,Car,133,1.5,1.791984,4.5,33.50825372248631,0.0,0.0,180.86107928716783,231.63631059492224,0.0,,,,,,,,,,
110926_0013_8,Car,99,1.5,1.6162673,4.0475073,65.68300250521897,305.0027527801475,341.77010328834007,170.7433613237081,189.3616056169267,684.5435137759254,,,,,,,,,,
110926_0013_8,Car,100,1.5,1.6162673,4.0475073,64.56547627954222,299.4448102546783,337.3202780630242,172.12576969328745,191.12852923201447,719.738407178793,,,,,,,,,,
110926_0013_8,Car,101,1.5,1.6162673,4.0475073,63.45058786554888,293.65381571462376,332.6962735777961,173.5661530873343,192.9695671204755,757.5569747906015,,,,,,,,,,
110926_0013_8,Car,102,1.5,1.6162673,4.0475073,62.33847870795567,287.61479605496254,327.88765889068327,175.06823661190737,194.88948232575515,798.2583098669094,,,,,,,,,,
110926_0013_8,Car,103,1.5,1.6162673,4.0475073,61.22930049879061,281.31146936423505,322.8831547245115,176.63607101581658,196.89345435259708,842.1335662991454,,,,,,,,,,
110926_0013_8,Car,104,1.5,1.6162673,4.0475073,60.12321527724685,274.7260942111147,317.6705418667793,178.2740701924849,198.98712713658983,889.5107897249137,,,,,,,,,,
110926_0013_8,Car,105,1.5,1.6162673,4.0475073,58.990454657838995,267.3287403360541,311.78156058684647,178.0850121814986,199.28700574764264,942.4884089542568,,,,,,,,,,
110926_0013_8,Car,106,1.5,1.6162673,4.0475073,57.86125268100932,259.57367198320884,305.62893606650016,177.8868142449918,199.60139016436733,1000.0705284235186,,,,,,,,,,
110926_0013_8,Car,107,1.5,1.6162673,4.0475073,56.735821744354475,251.43429828227704,299.1945581614245,177.67879715301703,199.9313590263999,1062.7881380495735,,,,,,,,,,
110926_0013_8,Car,108,1.5,1.6162673,4.0475073,55.614391040518335,242.881328486358,292.45862122014245,177.46021273063238,200.27810052783119,1131.2491028883733,,,,,,,,,,
110926_0013_8,Car,109,1.5,1.6162673,4.0475073,54.497207339249,233.88241419476074,285.3994160608527,177.23023472411668,200.64292693951245,1206.1517085507796,,,,,,,,,,
110926_0013_8,Car,110,1.5,1.6162673,4.0475073,53.37605198245953,224.25813920996993,277.8908819881891,177.92580305276587,201.9730864071046,1289.721762658201,,,,,,,,,,
110926_0013_8,Car,111,1.5,1.6162673,4.0475073,52.25994523808777,214.0987727730895,269.99961061942435,178.66005071811878,203.37722892695405,1381.710971071061,,,,,,,,,,
110926_0013_8,Car,112,1.5,1.6162673,4.0475073,51.149217515948806,203.35841200268328,261.69557248482755,179.4362962785233,204.86170345775582,1483.2460589387515,,,,,,,,,,
110926_0013_8,Car,113,1.5,1.6162673,4.0475073,50.04422723137112,191.9857525703885,252.9455149562692,180.2582488450681,206.4336063283365,1595.6435725455262,,,,,,,,,,
110926_0013_8,Car,114,1.5,1.6162673,4.0475073,48.94536279383078,179.92326179335427,243.71251152194972,181.08186963488538,208.10089569519252,1723.5234007843608,,,,,,,,,,
110926_0013_8,Car,115,1.5,1.6162673,4.0475073,47.78513674903375,166.43391889614415,233.46065407895748,179.68199724813704,207.5430106721724,1867.4327686976244,,,,,,,,,,
110926_0013_8,Car,116,1.5,1.6162673,4.0475073,46.63254460494598,152.02189605565096,222.57453218832623,178.13484294171053,206.94694647109634,2032.769856525726,,,,,,,,,,
110926_0013_8,Car,117,1.5,1.6162673,4.0475073,45.488166757060675,136.58917254733265,210.99340832574958,176.4780754965404,206.30864539969795,2219.5207564790817,,,,,,,,,,
110926_0013_8,Car,118,1.5,1.6162673,4.0475073,44.36459543333053,119.76093865880837,198.4179536126375,178.76728254223138,209.69915052797583,2433.008402704569,,,,,,,,,,
110926_0013_8,Car,119,1.5,1.6162673,4.0475073,43.25137186801712,101.6474839877936,184.98320782432532,181.15985785922072,213.3487258708937,2682.482615231349,,,,,,,,,,
110926_0013_8,Car,120,1.5,1.6162673,4.0475073,42.10322541354918,81.13726144058684,169.8603946870796,181.18253776289777,214.70712934871227,2974.4068063024706,,,,,,,,,,
110926_0013_8,Car,121,1.5,1.6162673,4.0475073,40.967745911557195,58.85716087466508,153.5808696702692,181.20695176065607,216.18281225611025,3313.043224447076,,,,,,,,,,
110926_0013_8,Car,122,1.5,1.6162673,4.0475073,39.84601619230801,34.567757407718716,136.00664417993337,181.2333066244508,217.79164816208862,3708.437467816396,,,,,,,,,,
110926_0013_8,Car,123,1.5,1.6162673,4.0475073,38.73923094289444,7.984410060651088,116.97687837683819,181.2618433517753,219.55251004630583,4173.3942765093,,,,,,,,,,
110926_0013_8,Car,124,1.5,1.6162673,4.0475073,37.648708002264804,0.0,96.30293214381729,181.29284457442657,221.48801523382414,3870.91279252112,0.0,98.0,179.0,216.0,3626.0,0.8045230985268812,0.0,1.6970678561827128,2.2928445744265673,5.488015233824143
110926_0013_8,Car,125,1.5,1.6162673,4.0475073,36.54605081985759,0.0,73.51997134770208,181.2491832044783,223.5833062610142,3112.4035141466134,0.0,74.0,178.0,220.0,3108.0,0.8450261833701384,0.0,0.4800286522979178,3.2491832044782996,3.583306261014201
110926_0013_8,Car,126,1.5,1.6162673,4.0475073,35.463188526686494,0.0,48.531430525409306,181.20129779081176,225.91478427605503,2170.0094629074115,0.0,52.0,179.0,220.0,2132.0,0.7783858252623294,0.0,3.4685694745906943,2.201297790811765,5.91478427605503
110926_0013_8,Car,127,1.5,1.6162673,4.0475073,34.40199033070381,0.0,21.00074219783127,181.14854412369684,228.52477029840432,994.9359122011776,,,,,,,,,,
110926_0013_8,Car,128,1.5,1.6162673,4.0475073,33.36452369470206,0.0,0.0,181.09013999733972,231.46633771051856,0.0,,,,,,,,,,
110926_0013_8,Car,129,1.5,1.6162673,4.0475073,32.35307152539318,0.0,0.0,181.02512612294208,234.80696102778933,0.0,,,,,,,,,,
