ID,objectType,imageIndex,u0,u1,v0,v1,area
110926_0019_0,car,9,552,571,178,194,304
110926_0019_0,car,10,553,571,180,197,306
110926_0019_0,car,12,543,567,178,195,408
110926_0019_0,car,14,535,561,175,194,494
110926_0019_0,car,15,531,561,174,195,630
110926_0019_0,person,16,680,691,183,218,385
110926_0019_0,car,17,525,551,178,198,520
110926_0019_1,car,17,498,525,180,199,513
110926_0019_0,car,18,519,550,178,201,713
110926_0019_1,person,18,689,699,188,226,380
110926_0019_0,person,19,695,706,189,233,484
110926_0019_1,car,19,513,546,177,203,858
110926_0019_2,car,19,424,470,185,201,736
110926_0019_0,car,20,507,543,176,208,1152
110926_0019_1,truck,20,507,545,176,207,1178
110926_0019_0,car,21,499,541,175,208,1386
110926_0019_1,person,21,710,723,193,238,585
110926_0019_0,person,22,719,736,195,257,1054
110926_0019_1,car,22,492,536,175,211,1584
110926_0019_2,person,22,808,855,87,143,2632
110926_0019_0,car,23,481,531,174,213,1950
110926_0019_1,truck,23,481,531,175,212,1850
110926_0019_0,car,24,475,523,177,217,1920
110926_0019_1,car,24,389,444,185,205,1100
110926_0019_0,car,25,465,519,177,221,2376
110926_0019_1,car,25,408,445,185,211,962
110926_0019_0,car,26,451,514,178,230,3276
110926_0019_1,truck,26,448,512,179,229,3200
110926_0019_0,truck,27,433,506,175,233,4234
110926_0019_1,car,27,431,506,176,233,4275
110926_0019_0,car,28,417,500,181,240,4897
110926_0019_1,car,28,394,430,186,210,864
110926_0019_0,car,29,393,488,178,247,6555
110926_0019_0,car,30,366,475,181,257,8284
110926_0019_0,car,31,322,457,181,273,12420
110926_0019_0,car,32,263,438,180,297,20475
110926_0019_0,car,33,162,408,181,330,36654
110926_0019_1,car,33,381,438,181,203,1254
110926_0019_0,truck,34,0,360,185,368,65880
110926_0019_1,car,34,360,434,184,212,2072
110926_0019_2,car,34,1,361,186,369,65880
110926_0019_3,person,34,665,676,199,232,363
110926_0019_0,car,35,1,278,191,369,49306
110926_0019_1,person,35,671,683,200,241,492
110926_0019_2,car,35,358,436,184,210,2028
110926_0019_0,car,36,0,118,211,369,18644
110926_0019_1,person,36,681,692,209,251,462
110926_0019_0,person,38,704,717,216,269,689
110926_0019_0,person,39,722,736,224,263,546
110926_0019_0,person,40,744,759,229,276,705
110926_0019_1,car,42,558,593,180,201,735
110926_0019_0,car,43,306,444,185,215,4140
110926_0019_1,car,43,559,597,179,201,836
110926_0019_2,car,43,370,441,183,209,1846
110926_0019_0,car,44,365,434,184,208,1656
110926_0019_0,car,45,357,429,183,208,1800
110926_0019_1,car,45,287,417,187,216,3770
110926_0019_0,person,48,681,696,195,235,600
110926_0019_1,car,48,362,433,184,211,1917
110926_0019_0,person,49,695,706,202,244,462
110926_0019_1,car,49,360,432,185,211,1872
110926_0019_0,car,61,556,602,175,189,644
110926_0019_0,car,67,605,626,177,192,315
110926_0019_0,car,68,533,559,173,190,442
110926_0019_1,car,68,559,602,173,187,602
110926_0019_2,car,68,602,625,177,193,368
110926_0019_3,car,68,588,615,175,189,378
110926_0019_0,car,69,535,560,175,191,400
110926_0019_1,car,69,604,627,177,194,391
110926_0019_2,car,69,616,631,177,194,255
110926_0019_0,car,70,535,559,176,192,384
110926_0019_0,car,71,532,562,174,193,570
110926_0019_1,car,71,559,607,174,192,864
110926_0019_2,car,71,580,620,175,193,720
110926_0019_0,car,72,615,636,177,194,357
110926_0019_1,car,72,530,562,171,193,704
110926_0019_0,car,73,613,638,177,194,425
110926_0019_1,car,73,561,609,170,189,912
110926_0019_2,car,73,531,562,171,193,682
110926_0019_0,car,74,562,606,169,187,792
110926_0019_1,car,74,615,640,175,194,475
110926_0019_2,car,74,530,561,169,192,713
110926_0019_0,car,75,611,644,173,194,693
110926_0019_1,car,75,527,560,169,193,792
110926_0019_0,car,76,525,558,170,194,792
110926_0019_1,car,76,561,608,170,189,893
110926_0019_0,car,77,553,646,173,198,2325
110926_0019_1,car,77,522,557,172,197,875
110926_0019_0,car,78,518,554,171,202,1116
110926_0019_0,car,79,515,550,174,205,1085
110926_0019_1,car,79,629,655,177,204,702
110926_0019_0,car,80,509,544,174,207,1155
110926_0019_0,car,81,501,543,174,212,1596
110926_0019_1,car,81,542,565,176,204,644
110926_0019_0,car,82,492,537,177,215,1710
110926_0019_1,car,82,539,565,177,200,598
110926_0019_0,car,83,482,537,177,218,2255
110926_0019_0,car,84,469,530,176,224,2928
110926_0019_1,car,84,536,560,177,195,432
110926_0019_0,car,85,452,524,175,232,4104
110926_0019_1,car,85,531,560,177,198,609
110926_0019_0,car,86,430,516,178,240,5332
110926_0019_1,car,86,529,558,178,201,667
110926_0019_0,car,87,406,504,179,252,7154
110926_0019_1,car,87,524,558,177,203,884
110926_0019_0,car,88,362,486,181,269,10912
110926_0019_1,car,88,517,556,178,209,1209
110926_0019_2,car,88,605,633,174,190,448
110926_0019_0,car,89,300,465,184,297,18645
110926_0019_1,car,89,514,551,180,211,1147
110926_0019_0,car,90,189,425,182,341,37524
110926_0019_1,car,90,506,550,182,214,1408
110926_0019_0,car,91,498,547,182,218,1764
110926_0019_1,car,91,0,375,183,372,70875
110926_0019_0,car,92,0,259,194,370,45584
110926_0019_1,car,92,488,542,182,224,2268
110926_0019_0,car,93,474,537,182,230,3024
110926_0019_0,car,94,455,529,185,239,3996
110926_0019_1,car,94,622,653,177,199,682
110926_0019_0,car,95,428,520,190,253,5796
110926_0019_1,car,95,616,648,175,196,672
110926_0019_0,car,96,393,506,190,268,8814
110926_0019_0,car,97,334,483,193,288,14155
110926_0019_1,car,97,614,660,175,197,1012
110926_0019_0,car,98,219,453,197,334,32058
110926_0019_1,car,98,617,661,172,193,924
110926_0019_0,car,99,0,398,210,372,64476
110926_0019_0,car,100,2,284,238,372,37788
110926_0019_0,person,122,463,473,185,216,310
110926_0019_0,person,127,687,699,183,222,468
110926_0019_0,person,129,502,512,180,201,210
110926_0019_0,person,130,497,506,181,204,207
110926_0019_0,person,131,494,503,183,206,207
110926_0019_1,person,131,718,731,190,236,598
110926_0019_0,person,145,688,701,188,233,585
110926_0019_0,person,151,668,688,146,178,640
110926_0019_0,person,160,645,666,141,190,1029
110926_0019_0,person,183,658,668,178,203,250
110926_0019_0,person,184,663,674,179,206,297
110926_0019_0,person,185,666,680,179,208,406
110926_0019_0,person,186,672,683,179,213,374
110926_0019_0,person,187,677,690,180,210,390
110926_0019_0,person,189,689,702,180,220,520
110926_0019_0,person,190,696,709,182,221,507
110926_0019_0,person,191,704,716,181,222,492
110926_0019_0,person,192,712,725,185,231,598
110926_0019_0,person,193,721,733,186,240,648
110926_0019_0,person,194,727,741,188,241,742
110926_0019_0,person,195,735,751,188,243,880
110926_0019_0,person,196,746,761,192,244,780
110926_0019_0,person,197,755,771,190,254,1024
110926_0019_0,person,198,766,782,196,249,848
110926_0019_0,person,199,777,794,199,258,1003
110926_0019_0,person,200,788,809,199,280,1701
110926_0019_0,car,237,546,574,147,168,588
110926_0019_0,car,238,544,571,153,176,621
110926_0019_0,car,240,544,567,164,185,483
110926_0019_0,car,245,102,146,193,216,1012
110926_0019_0,car,247,81,147,195,220,1650
110926_0019_0,car,248,528,554,163,186,598
110926_0019_1,car,248,71,113,197,220,966
110926_0019_0,car,249,527,553,163,186,598
110926_0019_0,car,250,525,554,162,185,667
110926_0019_0,car,251,523,552,161,186,725
110926_0019_0,car,253,2,50,198,225,1296
110926_0019_1,car,253,103,178,199,240,3075
110926_0019_0,truck,255,0,80,87,213,10080
110926_0019_1,car,255,516,545,158,181,667
110926_0019_2,person,255,598,610,151,181,360
110926_0019_3,car,255,50,158,192,241,5292
110926_0019_0,bus,256,0,56,78,238,8960
110926_0019_1,car,256,515,541,157,178,546
110926_0019_0,car,257,21,138,188,246,6786
110926_0019_1,car,257,513,543,156,179,690
110926_0019_2,bus,257,0,29,64,259,5655
110926_0019_0,car,258,1,124,193,246,6519
110926_0019_0,car,259,0,110,192,244,5720
110926_0019_1,car,259,511,543,154,178,768
110926_0019_0,car,260,510,539,155,179,696
110926_0019_1,car,260,0,96,198,243,4320
110926_0019_0,car,261,508,538,155,178,690
110926_0019_0,car,262,509,540,155,179,744
110926_0019_1,car,262,0,78,199,248,3822
110926_0019_0,car,263,508,540,155,180,800
110926_0019_0,car,264,508,545,155,181,962
110926_0019_0,car,265,508,545,155,181,962
110926_0019_0,car,266,508,547,155,182,1053
110926_0019_0,car,267,509,545,155,182,972
110926_0019_0,car,268,509,551,155,183,1176
110926_0019_0,car,269,512,548,156,182,936
110926_0019_0,person,270,607,626,142,187,855
110926_0019_1,car,270,513,551,156,183,1026
110926_0019_0,car,273,514,556,156,185,1218
110926_0019_0,car,274,515,553,156,184,1064
110926_0019_0,car,275,516,552,156,184,1008
110926_0019_0,car,276,516,555,156,184,1092
110926_0019_0,car,277,518,551,155,185,990
110926_0019_0,car,278,517,556,157,188,1209
110926_0019_1,truck,278,517,554,155,186,1147
110926_0019_0,car,279,518,554,159,189,1080
110926_0019_0,car,280,518,554,159,189,1080
110926_0019_1,car,281,518,558,158,190,1280
110926_0019_0,car,282,518,560,157,190,1386
110926_0019_0,car,283,519,555,156,190,1224
110926_0019_0,car,284,519,560,156,190,1394
110926_0019_0,car,285,520,562,157,191,1428
110926_0019_1,truck,285,520,559,157,191,1326
110926_0019_0,person,286,639,657,148,189,738
110926_0019_1,car,286,521,570,156,191,1715
110926_0019_2,truck,286,521,569,156,191,1680
110926_0019_0,person,287,640,658,149,190,738
110926_0019_1,truck,287,523,556,155,190,1155
110926_0019_0,truck,288,523,557,153,189,1224
110926_0019_1,car,288,523,557,152,189,1258
110926_0019_0,truck,289,523,569,151,188,1702
110926_0019_1,car,289,522,559,151,189,1406
110926_0019_0,car,290,522,569,150,189,1833
110926_0019_1,truck,290,523,569,151,188,1702
110926_0019_0,car,291,520,559,149,189,1560
110926_0019_1,truck,291,521,561,151,188,1480
110926_0019_0,truck,292,521,557,150,187,1332
110926_0019_1,person,292,653,673,137,192,1100
110926_0019_2,car,292,520,556,148,188,1440
110926_0019_0,truck,293,521,556,149,187,1330
110926_0019_0,bus,294,521,557,148,187,1404
110926_0019_1,truck,294,519,567,148,187,1872
110926_0019_0,bus,295,520,555,148,187,1365
110926_0019_1,truck,295,519,561,148,187,1638
110926_0019_0,bus,296,518,556,148,188,1520
110926_0019_1,truck,296,517,567,147,188,2050
110926_0019_0,bus,297,516,554,147,189,1596
110926_0019_1,truck,297,515,565,147,188,2050
110926_0019_0,truck,298,513,558,147,189,1890
110926_0019_1,car,298,513,551,148,189,1558
110926_0019_0,truck,299,510,563,145,190,2385
110926_0019_1,car,299,510,552,146,190,1848
110926_0019_0,truck,300,508,566,145,191,2668
110926_0019_0,truck,301,505,573,142,191,3332
110926_0019_0,truck,302,502,557,142,193,2805
110926_0019_0,truck,303,501,561,140,192,3120
110926_0019_0,truck,304,499,557,141,193,3016
110926_0019_0,truck,305,495,557,140,194,3348
110926_0019_0,truck,306,492,565,140,196,4088
110926_0019_0,truck,307,487,566,141,197,4424
110926_0019_0,truck,308,483,571,141,199,5104
110926_0019_0,bus,309,480,568,140,202,5456
110926_0019_1,truck,309,480,567,140,202,5394
110926_0019_0,truck,310,479,558,142,204,4898
110926_0019_1,person,310,544,571,165,196,837
110926_0019_0,truck,311,472,561,141,205,5696
110926_0019_0,truck,312,465,564,140,206,6534
110926_0019_0,truck,313,461,555,141,208,6298
110926_0019_0,truck,314,458,572,141,210,7866
110926_0019_0,truck,315,453,545,140,213,6716
110926_0019_0,truck,316,446,537,139,213,6734
110926_0019_0,truck,317,437,541,138,215,8008
110926_0019_0,truck,318,432,571,138,219,11259
110926_0019_0,truck,319,426,524,138,222,8232
110926_0019_1,car,319,517,575,160,206,2668
110926_0019_0,truck,320,418,524,138,227,9434
110926_0019_1,car,320,517,572,164,210,2530
110926_0019_0,truck,321,413,521,139,230,9828
110926_0019_0,truck,322,400,515,137,232,10925
110926_0019_1,car,322,512,571,164,213,2891
110926_0019_0,truck,323,395,515,137,233,11520
110926_0019_1,car,323,512,570,168,212,2552
110926_0019_0,truck,324,389,511,134,234,12200
110926_0019_1,person,324,656,677,168,198,630
110926_0019_0,bus,325,381,508,132,233,12827
110926_0019_1,truck,325,379,505,132,236,13104
110926_0019_2,car,325,500,532,178,212,1088
110926_0019_3,car,325,518,570,170,212,2184
110926_0019_0,truck,326,366,505,129,240,15429
110926_0019_1,car,326,500,569,165,215,3450
110926_0019_0,truck,327,353,501,129,243,16872
110926_0019_1,car,327,504,566,163,217,3348
110926_0019_0,truck,328,340,497,128,248,18840
110926_0019_1,car,328,496,565,161,219,4002
110926_0019_2,car,328,340,497,127,248,18997
110926_0019_3,truck,328,493,567,158,220,4588
110926_0019_0,truck,329,325,492,125,252,21209
110926_0019_1,car,329,486,566,160,220,4800
110926_0019_2,truck,329,487,568,154,220,5346
110926_0019_0,person,330,891,918,162,197,945
110926_0019_1,car,330,308,485,120,257,24249
110926_0019_2,car,330,482,567,161,220,5015
110926_0019_3,truck,330,483,569,158,220,5332
110926_0019_0,car,331,290,480,117,264,27930
110926_0019_1,person,331,889,918,159,199,1160
110926_0019_2,truck,331,478,571,150,222,6696
110926_0019_3,car,331,478,570,161,222,5612
110926_0019_0,truck,332,265,477,113,270,33284
110926_0019_1,person,332,887,914,157,195,1026
110926_0019_2,car,332,469,574,165,226,6405
110926_0019_3,truck,332,472,573,165,224,5959
110926_0019_4,person,332,554,584,169,213,1320
110926_0019_0,car,333,464,566,165,226,6222
110926_0019_1,person,333,883,911,159,197,1064
110926_0019_2,truck,333,246,469,112,276,36572
110926_0019_3,person,333,554,577,164,215,1173
110926_0019_0,car,334,458,562,163,228,6760
110926_0019_1,car,334,217,460,104,280,42768
110926_0019_2,person,334,879,908,158,198,1160
110926_0019_3,person,334,550,574,162,216,1296
110926_0019_0,car,335,194,454,100,287,48620
110926_0019_1,car,335,450,563,162,229,7571
110926_0019_2,person,335,868,901,160,197,1221
110926_0019_0,car,336,443,555,168,230,6944
110926_0019_1,car,336,146,444,97,299,60196
110926_0019_2,person,336,330,361,136,194,1798
110926_0019_0,car,337,432,545,169,232,7119
110926_0019_1,person,337,848,888,160,199,1560
110926_0019_2,car,337,104,438,93,310,72478
110926_0019_3,person,337,538,568,165,221,1680
110926_0019_0,person,338,840,881,161,201,1640
110926_0019_1,car,338,423,545,170,236,8052
110926_0019_2,car,338,50,424,90,321,86394
110926_0019_3,person,338,537,565,166,223,1596
110926_0019_0,car,339,415,538,169,242,8979
110926_0019_1,truck,339,4,420,77,339,108992
110926_0019_2,person,339,827,870,164,203,1677
110926_0019_3,person,339,543,564,163,222,1239
110926_0019_0,person,340,541,562,162,224,1302
110926_0019_1,person,340,814,856,163,202,1638
110926_0019_2,car,340,399,532,169,245,10108
110926_0019_3,truck,340,1,403,76,351,110550
110926_0019_4,person,340,514,540,169,227,1508
110926_0019_0,car,341,383,521,170,247,10626
110926_0019_1,truck,341,1,388,70,364,113778
110926_0019_2,person,341,537,561,161,225,1536
110926_0019_3,person,341,799,843,161,204,1892
110926_0019_4,person,341,510,535,167,229,1550
110926_0019_0,person,342,531,559,161,227,1848
110926_0019_1,truck,342,3,371,63,366,111504
110926_0019_2,person,342,787,835,159,205,2208
110926_0019_3,car,342,373,516,170,250,11440
110926_0019_4,person,342,503,531,167,232,1820
110926_0019_5,car,342,367,413,208,247,1794
110926_0019_0,person,343,528,554,161,227,1716
110926_0019_1,car,343,359,512,171,251,12240
110926_0019_2,truck,343,2,360,58,372,112412
110926_0019_3,person,343,771,819,165,205,1920
110926_0019_4,person,343,501,525,165,232,1608
110926_0019_0,truck,344,1,342,47,370,110143
110926_0019_1,person,344,524,551,160,226,1782
110926_0019_2,car,344,338,507,168,257,15041
110926_0019_3,person,344,490,516,164,236,1872
110926_0019_4,person,344,756,807,163,205,2142
110926_0019_0,bus,345,0,326,38,360,104972
110926_0019_1,person,345,520,547,163,231,1836
110926_0019_2,car,345,320,502,171,260,16198
110926_0019_3,person,345,485,511,166,237,1846
110926_0019_4,person,345,738,790,161,208,2444
110926_0019_5,person,345,0,45,130,215,3825
110926_0019_0,bus,346,0,306,31,353,98532
110926_0019_1,person,346,517,543,165,235,1820
110926_0019_2,person,346,471,503,168,243,2400
110926_0019_3,car,346,304,486,175,268,16926
110926_0019_4,person,346,731,770,164,212,1872
110926_0019_5,person,346,473,545,167,237,5040
110926_0019_0,bus,347,1,293,32,358,95192
110926_0019_1,person,347,514,538,165,237,1728
110926_0019_2,car,347,284,472,177,273,18048
110926_0019_3,person,347,466,498,171,246,2400
110926_0019_4,person,347,715,755,172,214,1680
110926_0019_0,bus,348,2,269,36,357,85707
110926_0019_1,car,348,269,461,186,281,18240
110926_0019_2,person,348,510,535,170,242,1800
110926_0019_3,person,348,695,743,175,219,2112
110926_0019_4,person,348,441,489,170,248,3744
110926_0019_5,car,348,440,490,170,249,3950
110926_0019_0,car,349,253,451,193,291,19404
110926_0019_1,truck,349,4,240,45,372,77172
110926_0019_2,person,349,506,535,175,249,2146
110926_0019_3,person,349,677,728,180,225,2295
110926_0019_4,person,349,440,485,176,254,3510
110926_0019_0,car,350,234,441,205,306,20907
110926_0019_1,person,350,501,531,184,261,2310
110926_0019_2,bus,350,1,223,57,368,69042
110926_0019_3,person,350,438,478,187,274,3480
110926_0019_4,person,350,664,712,191,236,2160
110926_0019_5,bicycle,350,664,713,194,237,2107
110926_0019_0,car,351,211,432,213,322,24089
110926_0019_1,person,351,440,470,197,286,2670
110926_0019_2,bus,351,1,194,66,368,58286
110926_0019_3,person,351,497,527,194,269,2250
110926_0019_4,person,351,646,692,198,245,2162
110926_0019_0,car,352,191,425,218,331,26442
110926_0019_1,person,352,495,527,196,276,2560
110926_0019_2,person,352,430,464,198,296,3332
110926_0019_3,car,352,1155,1242,188,225,3219
110926_0019_4,bus,352,1,166,73,368,48675
110926_0019_5,person,352,633,679,207,253,2116
110926_0019_0,car,353,165,412,218,334,28652
110926_0019_1,person,353,492,525,198,278,2640
110926_0019_2,person,353,420,454,195,296,3434
110926_0019_3,bus,353,1,132,70,368,39038
110926_0019_4,person,353,616,658,203,252,2058
110926_0019_5,car,353,1158,1242,190,230,3360
110926_0019_6,person,353,485,509,200,275,1800
110926_0019_0,car,354,143,404,213,335,31842
110926_0019_1,person,354,410,447,196,296,3700
110926_0019_2,person,354,489,522,194,278,2772
110926_0019_3,car,354,1162,1242,186,222,2880
110926_0019_4,bus,354,0,92,71,363,26864
110926_0019_5,person,354,606,643,202,249,1739
110926_0019_6,person,354,480,506,196,276,2080
110926_0019_7,person,354,572,599,184,251,1809
110926_0019_0,car,355,117,398,212,338,35406
110926_0019_1,person,355,483,517,184,274,3060
110926_0019_2,person,355,399,435,192,292,3600
110926_0019_3,person,355,593,625,196,244,1536
110926_0019_4,person,355,471,500,187,273,2494
110926_0019_5,person,355,564,598,187,243,1904
110926_0019_6,truck,355,1,52,82,369,14637
110926_0019_0,car,356,83,385,203,337,40468
110926_0019_1,person,356,386,425,180,287,4173
110926_0019_2,person,356,472,511,176,263,3393
110926_0019_3,bicycle,356,561,612,188,236,2448
110926_0019_4,person,356,354,376,191,228,814
110926_0019_5,person,356,562,611,184,234,2450
110926_0019_0,car,357,50,372,193,336,46046
110926_0019_1,person,357,371,415,170,281,4884
110926_0019_2,person,357,469,504,165,259,3290
110926_0019_3,person,357,554,591,170,224,1998
110926_0019_4,person,357,357,377,183,219,720
110926_0019_5,person,357,356,381,176,276,2500
110926_0019_6,person,357,455,490,168,257,3115
110926_0019_0,car,358,11,365,185,336,53454
110926_0019_1,person,358,358,401,155,274,5117
110926_0019_2,person,358,452,483,162,251,2759
110926_0019_3,person,358,463,493,158,246,2640
110926_0019_4,car,358,1174,1241,149,190,2747
110926_0019_5,person,358,544,579,146,222,2660
110926_0019_0,car,359,0,342,185,343,54036
110926_0019_1,person,359,338,389,153,277,6324
110926_0019_2,person,359,448,481,157,252,3135
110926_0019_3,person,359,520,553,169,218,1617
110926_0019_0,car,360,0,327,187,354,54609
110926_0019_1,person,360,324,374,159,278,5950
110926_0019_2,person,360,433,471,156,256,3800
110926_0019_3,person,360,503,530,170,218,1296
110926_0019_0,car,361,0,310,191,364,53630
110926_0019_1,person,361,422,460,156,262,4028
110926_0019_2,person,361,303,362,161,290,7611
110926_0019_3,person,361,481,512,175,223,1488
110926_0019_4,person,361,346,387,174,250,3116
110926_0019_0,car,362,2,287,199,370,48735
110926_0019_1,person,362,283,330,167,299,6204
110926_0019_2,person,362,406,446,163,273,4400
110926_0019_3,person,362,461,491,182,230,1440
110926_0019_4,car,362,1165,1242,157,211,4158
110926_0019_5,person,362,338,385,179,256,3619
110926_0019_0,car,363,0,260,206,371,42900
110926_0019_1,person,363,253,308,166,305,7645
110926_0019_2,person,363,391,430,172,279,4173
110926_0019_3,person,363,326,378,182,264,4264
110926_0019_4,car,363,1159,1242,163,214,4233
110926_0019_5,person,363,440,465,188,237,1225
110926_0019_0,car,364,1,231,211,363,34960
110926_0019_1,person,364,223,281,171,313,8236
110926_0019_2,car,364,1152,1242,162,217,4950
110926_0019_3,person,364,375,414,170,287,4563
110926_0019_4,person,364,320,367,182,267,3995
110926_0019_5,person,364,360,398,173,286,4294
110926_0019_0,car,365,1,203,213,360,29694
110926_0019_1,car,365,1145,1242,167,221,5238
110926_0019_2,person,365,357,393,173,289,4176
110926_0019_3,person,365,188,252,180,321,9024
110926_0019_4,person,365,306,348,182,272,3780
110926_0019_5,person,365,391,417,194,238,1144
110926_0019_0,car,366,1,167,214,360,24236
110926_0019_1,car,366,1136,1242,168,225,6042
110926_0019_2,person,366,148,218,176,326,10500
110926_0019_3,person,366,336,372,170,291,4356
110926_0019_4,person,366,310,348,174,291,4446
110926_0019_5,person,366,285,325,183,280,3880
110926_0019_0,car,367,1125,1242,168,224,6552
110926_0019_1,person,367,95,181,178,330,13072
110926_0019_2,car,367,0,127,219,364,18415
110926_0019_3,person,367,308,358,169,284,5750
110926_0019_4,person,367,281,325,172,289,5148
110926_0019_0,car,368,1111,1242,166,220,7074
110926_0019_1,person,368,29,136,180,339,17013
110926_0019_2,person,368,277,326,159,291,6468
110926_0019_3,person,368,254,293,168,292,4836
110926_0019_0,car,369,1099,1242,165,222,8151
110926_0019_1,person,369,215,258,165,308,6149
110926_0019_2,person,369,246,297,159,297,7038
110926_0019_3,person,369,0,72,184,348,11808
110926_0019_0,car,370,1086,1237,165,222,8607
110926_0019_1,person,370,177,221,166,312,6424
110926_0019_2,person,370,209,266,155,302,8379
110926_0019_3,bicycle,370,247,294,221,281,2820
110926_0019_0,car,371,1075,1226,167,224,8607
110926_0019_1,person,371,133,183,164,323,7950
110926_0019_2,person,371,168,238,157,320,11410
110926_0019_3,car,371,1212,1241,167,217,1450
110926_0019_4,bicycle,371,216,273,221,286,3705
110926_0019_0,car,372,1058,1206,165,223,8584
110926_0019_1,person,372,81,135,164,337,9342
110926_0019_2,car,372,1188,1242,168,219,2754
110926_0019_3,person,372,117,186,158,328,11730
110926_0019_4,person,372,172,226,170,272,5508
110926_0019_5,bicycle,372,170,244,213,295,6068
110926_0019_0,car,373,1046,1188,167,224,8094
110926_0019_1,person,373,23,80,167,350,10431
110926_0019_2,car,373,1174,1242,168,220,3536
110926_0019_3,person,373,64,145,157,340,14823
110926_0019_4,person,373,133,192,169,289,7080
110926_0019_5,bicycle,373,127,217,222,305,7470
110926_0019_0,car,374,1030,1175,170,226,8120
110926_0019_1,person,374,1,93,153,352,18308
110926_0019_2,car,374,1161,1242,171,219,3888
110926_0019_3,person,374,85,161,175,302,9652
110926_0019_4,bicycle,374,77,186,228,312,9156
110926_0019_0,car,375,1017,1149,173,228,7260
110926_0019_1,car,375,1142,1242,173,224,5100
110926_0019_2,person,375,36,121,173,310,11645
110926_0019_3,bicycle,375,7,150,232,326,13442
110926_0019_4,person,375,0,27,193,321,3456
110926_0019_0,car,376,999,1135,175,231,7616
110926_0019_1,car,376,1124,1220,175,225,4800
110926_0019_2,person,376,0,76,173,317,10944
110926_0019_3,bicycle,376,0,109,239,331,10028
110926_0019_0,car,377,985,1119,177,233,7504
110926_0019_1,car,377,1109,1197,177,226,4312
110926_0019_2,bicycle,377,0,68,230,344,7752
110926_0019_0,car,378,969,1099,177,235,7540
110926_0019_1,car,378,1090,1179,178,228,4450
110926_0019_2,car,378,1177,1242,180,219,2535
110926_0019_0,car,379,954,1088,179,237,7772
110926_0019_1,car,379,1076,1156,179,227,3840
110926_0019_2,car,379,1155,1230,180,219,2925
110926_0019_0,car,380,936,1064,180,239,7552
110926_0019_1,car,380,1059,1134,180,227,3525
110926_0019_2,car,380,1132,1203,179,219,2840
110926_0019_3,car,380,1200,1242,195,219,1008
110926_0019_0,car,381,921,1045,182,241,7316
110926_0019_1,car,381,1037,1114,181,232,3927
110926_0019_2,car,381,1110,1178,179,218,2652
110926_0019_0,car,382,899,1024,181,241,7500
110926_0019_1,car,382,1016,1091,181,230,3675
110926_0019_2,car,382,1212,1241,158,205,1363
110926_0019_3,car,382,1085,1152,180,220,2680
110926_0019_0,car,383,883,1005,178,238,7320
110926_0019_1,car,383,998,1071,178,227,3577
110926_0019_2,car,383,1067,1128,178,215,2257
110926_0019_3,car,383,1181,1236,155,200,2475
110926_0019_4,truck,383,1182,1237,155,200,2475
110926_0019_0,car,384,864,990,177,239,7812
110926_0019_1,car,384,980,1047,177,226,3283
110926_0019_2,car,384,1042,1103,178,215,2257
110926_0019_3,car,384,1200,1242,169,199,1260
110926_0019_4,car,384,1153,1201,156,199,2064
110926_0019_0,car,385,844,968,178,239,7564
110926_0019_1,car,385,956,1025,178,227,3381
110926_0019_2,car,385,1168,1223,167,200,1815
110926_0019_3,car,385,1019,1079,178,216,2280
110926_0019_4,car,385,1122,1172,155,199,2200
110926_0019_0,car,386,826,947,178,241,7623
110926_0019_1,car,386,938,1004,177,230,3498
110926_0019_2,car,386,1140,1193,170,203,1749
110926_0019_3,car,386,997,1053,179,218,2184
110926_0019_4,car,386,1095,1142,157,200,2021
110926_0019_0,car,387,806,926,179,244,7800
110926_0019_1,car,387,917,983,179,229,3300
110926_0019_2,car,387,974,1028,180,218,2052
110926_0019_3,car,387,1109,1161,170,203,1716
110926_0019_4,car,387,1068,1112,158,202,1936
110926_0019_0,car,388,783,911,178,244,8448
110926_0019_1,car,388,896,961,179,229,3250
110926_0019_2,car,388,954,1005,181,217,1836
110926_0019_3,car,388,1079,1135,169,203,1904
110926_0019_4,car,388,1041,1084,157,195,1634
110926_0019_0,car,389,768,891,179,245,8118
110926_0019_1,car,389,878,941,179,231,3276
110926_0019_2,car,389,1020,1061,158,201,1763
110926_0019_3,car,389,933,987,179,219,2160
110926_0019_4,car,389,1055,1107,172,204,1664
110926_0019_5,car,389,991,1034,184,207,989
110926_0019_0,car,390,750,872,181,248,8174
110926_0019_1,car,390,859,922,180,232,3276
110926_0019_2,car,390,912,966,181,220,2106
110926_0019_3,car,390,995,1038,158,200,1806
110926_0019_4,car,390,1027,1080,173,202,1537
110926_0019_0,car,391,733,850,180,248,7956
110926_0019_1,car,391,842,902,180,231,3060
110926_0019_2,car,391,893,946,181,218,1961
110926_0019_3,car,391,1005,1052,174,200,1222
110926_0019_4,car,391,973,1014,157,197,1640
110926_0019_5,car,391,1042,1065,176,204,644
110926_0019_0,car,392,715,834,180,248,8092
110926_0019_1,car,392,822,886,178,230,3328
110926_0019_2,car,392,984,1031,171,200,1363
110926_0019_3,car,392,879,927,181,218,1776
110926_0019_4,car,392,954,990,155,193,1368
110926_0019_5,car,392,956,990,174,201,918
110926_0019_0,car,393,697,816,180,251,8449
110926_0019_1,car,393,806,868,181,231,3100
110926_0019_2,car,393,854,909,181,219,2090
110926_0019_3,car,393,957,1011,171,201,1620
110926_0019_4,car,393,934,966,158,195,1184
110926_0019_0,car,394,682,804,181,253,8784
110926_0019_1,car,394,791,855,180,232,3328
110926_0019_2,car,394,845,893,181,217,1728
110926_0019_3,car,394,942,991,173,200,1323
110926_0019_4,car,394,915,949,157,191,1156
110926_0019_0,car,395,667,790,181,254,8979
110926_0019_1,car,395,779,839,180,233,3180
110926_0019_2,car,395,925,973,173,204,1488
110926_0019_3,car,395,825,877,181,219,1976
110926_0019_4,car,395,900,932,158,195,1184
110926_0019_0,car,396,655,780,180,253,9125
110926_0019_1,car,396,763,827,179,233,3456
110926_0019_2,car,396,911,959,172,202,1440
110926_0019_3,car,396,820,864,181,217,1584
110926_0019_4,car,396,860,903,185,205,860
110926_0019_0,car,397,642,766,179,257,9672
110926_0019_1,car,397,757,812,179,232,2915
110926_0019_2,car,397,893,944,170,204,1734
110926_0019_3,car,397,807,851,181,216,1540
110926_0019_0,car,398,630,754,181,256,9300
110926_0019_1,car,398,741,798,179,233,3078
110926_0019_2,car,398,881,929,172,202,1440
110926_0019_3,car,398,796,838,180,218,1596
110926_0019_0,car,399,622,748,183,258,9450
110926_0019_1,car,399,735,795,181,234,3180
110926_0019_2,car,399,866,921,175,209,1870
110926_0019_3,car,399,787,830,181,217,1548
110926_0019_4,car,399,849,883,158,195,1258
110926_0019_0,car,400,613,742,183,257,9546
110926_0019_1,car,400,725,785,182,235,3180
110926_0019_2,car,400,859,908,173,209,1764
110926_0019_3,car,400,776,820,181,220,1716
110926_0019_4,car,400,843,872,159,188,841
110926_0019_0,car,401,603,732,183,259,9804
110926_0019_1,car,401,718,777,182,236,3186
110926_0019_2,car,401,850,900,174,206,1600
110926_0019_3,car,401,766,813,181,219,1786
110926_0019_4,car,401,834,865,157,188,961
110926_0019_0,car,402,597,725,182,259,9856
110926_0019_1,car,402,712,771,180,235,3245
110926_0019_2,car,402,765,806,181,219,1558
110926_0019_3,car,402,845,894,173,207,1666
110926_0019_4,car,402,806,844,182,204,836
110926_0019_0,car,403,592,722,180,260,10400
110926_0019_1,car,403,710,764,180,234,2916
110926_0019_2,car,403,762,804,181,219,1596
110926_0019_3,car,403,835,888,174,208,1802
110926_0019_4,car,403,734,770,181,226,1620
110926_0019_0,car,404,586,717,183,261,10218
110926_0019_1,car,404,702,765,181,234,3339
110926_0019_2,car,404,832,880,174,210,1728
110926_0019_3,car,404,753,799,181,218,1702
110926_0019_4,car,404,818,852,160,186,884
110926_0019_0,car,405,583,716,186,262,10108
110926_0019_1,car,405,826,876,176,213,1850
110926_0019_2,car,405,704,761,183,236,3021
110926_0019_3,car,405,757,796,182,218,1404
110926_0019_4,car,405,817,847,158,183,750
110926_0019_0,car,406,578,716,188,263,10350
110926_0019_1,car,406,695,761,184,239,3630
110926_0019_2,car,406,821,874,175,213,2014
110926_0019_3,car,406,751,793,183,218,1470
110926_0019_4,car,406,815,843,160,182,616
110926_0019_0,car,407,578,710,187,264,10164
110926_0019_1,car,407,818,871,176,214,2014
110926_0019_2,car,407,694,754,184,240,3360
110926_0019_3,car,407,747,789,182,222,1680
110926_0019_4,car,407,787,817,189,210,630
110926_0019_0,car,408,574,709,187,264,10395
110926_0019_1,car,408,693,754,184,240,3416
110926_0019_2,car,408,747,786,186,220,1326
110926_0019_3,car,408,814,867,177,218,2173
110926_0019_0,car,409,574,708,187,266,10586
110926_0019_1,car,409,691,751,184,239,3300
110926_0019_2,car,409,808,866,177,219,2436
110926_0019_3,car,409,746,786,183,220,1480
110926_0019_0,car,410,572,703,188,264,9956
110926_0019_1,car,410,690,751,185,240,3355
110926_0019_2,car,410,806,863,176,219,2451
110926_0019_3,car,410,743,785,186,220,1428
110926_0019_0,car,411,569,700,188,264,9956
110926_0019_1,car,411,689,750,184,240,3416
110926_0019_2,car,411,803,861,177,219,2436
110926_0019_3,car,411,743,787,185,218,1452
110926_0019_0,car,412,569,700,188,264,9956
110926_0019_1,car,412,689,750,185,240,3355
110926_0019_2,car,412,799,860,175,220,2745
110926_0019_3,car,412,746,798,186,218,1664
110926_0019_4,car,412,769,804,187,213,910
110926_0019_0,car,413,569,700,188,264,9956
110926_0019_1,car,413,689,750,185,240,3355
110926_0019_2,car,413,799,859,172,222,3000
110926_0019_3,car,413,745,787,186,220,1428
110926_0019_4,car,413,767,802,187,213,910
110926_0019_0,car,414,569,700,188,264,9956
110926_0019_1,car,414,689,749,185,240,3300
110926_0019_2,car,414,797,858,172,226,3294
110926_0019_3,car,414,744,785,186,222,1476
110926_0019_0,car,415,569,700,188,264,9956
110926_0019_1,car,415,690,750,186,240,3240
110926_0019_2,car,415,795,857,173,227,3348
110926_0019_3,car,415,745,787,187,221,1428
110926_0019_4,car,415,766,795,190,217,783
110926_0019_0,car,416,569,699,189,265,9880
110926_0019_1,car,416,689,748,186,240,3186
110926_0019_2,car,416,793,857,172,227,3520
110926_0019_3,car,416,741,787,185,224,1794
110926_0019_4,car,416,803,837,162,184,748
110926_0019_0,car,417,570,702,189,265,10032
110926_0019_1,car,417,690,750,186,241,3300
110926_0019_2,car,417,790,855,169,230,3965
110926_0019_3,car,417,743,789,188,224,1656
110926_0019_4,car,417,750,844,179,225,4324
110926_0019_0,car,418,570,701,189,265,9956
110926_0019_1,car,418,690,749,185,240,3245
110926_0019_2,car,418,788,856,174,229,3740
110926_0019_3,car,418,744,787,186,224,1634
110926_0019_4,car,418,803,837,163,183,680
110926_0019_0,car,419,570,701,189,265,9956
110926_0019_1,car,419,690,749,186,241,3245
110926_0019_2,car,419,783,856,166,229,4599
110926_0019_3,car,419,745,787,186,225,1638
110926_0019_0,car,420,570,703,189,265,10108
110926_0019_1,car,420,690,750,186,242,3360
110926_0019_2,car,420,781,853,169,232,4536
110926_0019_3,car,420,744,785,186,226,1640
110926_0019_0,car,421,570,702,189,265,10032
110926_0019_1,car,421,690,749,186,240,3186
110926_0019_2,car,421,779,851,176,233,4104
110926_0019_3,car,421,743,784,187,227,1640
110926_0019_0,car,422,570,702,189,265,10032
110926_0019_1,car,422,690,749,186,242,3304
110926_0019_2,car,422,777,851,177,234,4218
110926_0019_3,car,422,743,783,185,225,1600
110926_0019_0,car,423,570,703,189,265,10108
110926_0019_1,car,423,690,750,186,241,3300
110926_0019_2,car,423,776,851,181,235,4050
110926_0019_3,car,423,747,782,187,223,1260
110926_0019_4,car,423,803,836,163,182,627
110926_0019_0,car,424,570,702,189,265,10032
110926_0019_1,car,424,690,750,186,242,3360
110926_0019_2,car,424,771,853,180,236,4592
110926_0019_3,car,424,804,835,163,181,558
110926_0019_0,car,425,570,702,189,265,10032
110926_0019_1,car,425,690,750,186,242,3360
110926_0019_2,car,425,768,851,178,238,4980
110926_0019_3,car,425,804,835,163,182,589
110926_0019_0,car,426,570,702,189,265,10032
110926_0019_1,car,426,689,750,186,241,3355
110926_0019_2,car,426,767,845,181,241,4680
110926_0019_3,car,426,805,834,163,183,580
110926_0019_0,car,427,570,702,189,265,10032
110926_0019_1,car,427,690,750,186,241,3300
110926_0019_2,car,427,762,842,183,242,4720
110926_0019_3,car,427,805,836,161,184,713
110926_0019_0,car,428,570,702,189,265,10032
110926_0019_1,car,428,690,749,186,241,3245
110926_0019_2,car,428,758,841,182,243,5063
110926_0019_3,car,428,804,837,161,185,792
110926_0019_4,car,428,824,854,176,213,1110
110926_0019_5,car,428,714,757,191,238,2021
110926_0019_6,car,428,806,847,163,200,1517
110926_0019_0,car,429,570,701,189,265,9956
110926_0019_1,car,429,755,840,183,244,5185
110926_0019_2,car,429,690,749,186,241,3245
110926_0019_3,car,429,804,846,161,195,1428
110926_0019_4,car,429,716,755,193,238,1755
110926_0019_5,car,429,810,852,174,213,1638
110926_0019_6,car,429,830,853,178,216,874
110926_0019_0,car,430,570,702,189,266,10164
110926_0019_1,car,430,753,841,183,245,5456
110926_0019_2,car,430,690,750,186,241,3300
110926_0019_3,car,430,804,846,161,197,1512
110926_0019_4,car,430,804,837,162,183,693
110926_0019_0,car,431,570,703,189,266,10241
110926_0019_1,car,431,748,837,185,246,5429
110926_0019_2,car,431,690,746,186,241,3080
110926_0019_3,car,431,804,843,161,198,1443
110926_0019_4,car,431,803,836,162,183,693
110926_0019_5,car,431,717,753,193,239,1656
110926_0019_0,car,432,570,703,189,266,10241
110926_0019_1,car,432,744,836,186,249,5796
110926_0019_2,car,432,689,744,186,241,3025
110926_0019_3,car,432,801,838,160,189,1073
110926_0019_4,car,432,719,756,197,243,1702
110926_0019_5,car,432,797,847,165,213,2400
110926_0019_0,car,433,570,702,189,266,10164
110926_0019_1,car,433,738,833,188,254,6270
110926_0019_2,car,433,689,743,187,241,2916
110926_0019_3,car,433,801,837,161,185,864
110926_0019_4,car,433,801,842,163,205,1722
110926_0019_0,car,434,570,702,189,266,10164
110926_0019_1,car,434,732,830,189,257,6664
110926_0019_2,car,434,689,740,187,242,2805
110926_0019_3,car,434,803,836,163,183,660
110926_0019_4,car,434,800,842,163,200,1554
110926_0019_0,car,435,570,702,189,266,10164
110926_0019_1,car,435,725,827,189,259,7140
110926_0019_2,car,435,686,739,186,243,3021
110926_0019_3,car,435,803,836,162,183,693
110926_0019_0,car,436,570,701,189,266,10087
110926_0019_1,car,436,720,827,187,259,7704
110926_0019_2,car,436,684,739,186,240,2970
110926_0019_3,car,436,804,840,161,192,1116
110926_0019_4,car,436,799,845,163,220,2622
110926_0019_5,car,436,689,740,185,212,1377
110926_0019_0,car,437,570,702,189,266,10164
110926_0019_1,car,437,713,824,187,265,8658
110926_0019_2,car,437,689,736,186,233,2209
110926_0019_3,car,437,799,843,163,222,2596
110926_0019_4,car,437,801,837,161,192,1116
110926_0019_0,car,438,569,703,189,266,10318
110926_0019_1,car,438,709,824,185,265,9200
110926_0019_2,car,438,686,735,187,238,2499
110926_0019_3,car,438,800,844,163,223,2640
110926_0019_4,car,438,801,838,160,191,1147
110926_0019_0,car,439,569,704,189,266,10395
110926_0019_1,car,439,699,820,186,269,10043
110926_0019_2,car,439,684,732,186,220,1632
110926_0019_3,car,439,800,846,168,229,2806
110926_0019_4,car,439,801,837,161,189,1008
110926_0019_0,car,440,569,704,188,266,10530
110926_0019_1,car,440,693,819,186,273,10962
110926_0019_2,car,440,800,846,162,229,3082
110926_0019_0,car,441,682,815,187,276,11837
110926_0019_1,car,441,569,708,188,265,10703
110926_0019_2,car,441,799,849,162,230,3400
110926_0019_0,car,442,673,811,187,280,12834
110926_0019_1,car,442,568,709,188,266,10998
110926_0019_2,car,442,794,850,165,234,3864
110926_0019_0,car,443,660,807,187,284,14259
110926_0019_1,car,443,568,702,188,265,10318
110926_0019_2,car,443,785,841,177,234,3192
110926_0019_3,car,443,799,844,164,216,2340
110926_0019_4,car,443,803,837,161,187,884
110926_0019_5,car,443,830,853,175,198,529
110926_0019_0,car,444,648,804,188,288,15600
110926_0019_1,car,444,568,698,189,264,9750
110926_0019_2,car,444,776,837,181,236,3355
110926_0019_3,car,444,804,836,161,187,832
110926_0019_4,car,444,830,853,175,198,529
110926_0019_0,car,445,640,799,187,292,16695
110926_0019_1,car,445,569,684,189,263,8510
110926_0019_2,car,445,773,833,181,241,3600
110926_0019_3,car,445,804,836,161,185,768
110926_0019_4,car,445,830,853,176,198,506
110926_0019_0,car,446,620,792,185,299,19608
110926_0019_1,car,446,569,674,189,265,7980
110926_0019_2,car,446,770,835,182,241,3835
110926_0019_3,car,446,803,836,161,187,858
110926_0019_0,car,447,605,789,181,306,23000
110926_0019_1,car,447,569,673,189,263,7696
110926_0019_2,car,447,767,836,182,241,4071
110926_0019_3,car,447,803,836,161,186,825
110926_0019_0,car,448,584,780,185,309,24304
110926_0019_1,car,448,763,837,183,245,4588
110926_0019_2,car,448,570,667,190,261,6887
110926_0019_3,car,448,803,837,161,187,884
110926_0019_0,car,449,568,771,185,317,26796
110926_0019_1,car,449,755,831,185,246,4636
110926_0019_2,car,449,804,841,161,197,1332
110926_0019_3,car,449,775,840,167,214,3055
110926_0019_0,car,450,549,763,185,322,29318
110926_0019_1,car,450,747,827,185,248,5040
110926_0019_2,car,450,804,841,161,198,1369
110926_0019_0,car,451,523,753,189,324,31050
110926_0019_1,car,451,738,831,185,249,5952
110926_0019_2,car,451,805,841,162,198,1296
110926_0019_0,car,452,499,747,190,333,35464
110926_0019_1,car,452,734,827,187,254,6231
110926_0019_2,car,452,804,841,162,199,1369
110926_0019_3,car,452,703,746,186,218,1376
110926_0019_0,car,453,469,740,191,337,39566
110926_0019_1,car,453,724,826,187,256,7038
110926_0019_2,car,453,691,742,184,219,1785
110926_0019_3,car,453,803,841,161,200,1482
110926_0019_0,car,454,440,724,192,342,42600
110926_0019_1,car,454,721,827,187,258,7526
110926_0019_2,car,454,684,739,185,230,2475
110926_0019_3,car,454,803,840,162,199,1369
110926_0019_0,car,455,406,714,193,349,48048
110926_0019_1,car,455,719,821,188,260,7344
110926_0019_2,car,455,665,734,188,252,4416
110926_0019_3,car,455,803,840,161,200,1443
110926_0019_0,car,456,371,696,193,359,53950
110926_0019_1,car,456,714,820,187,263,8056
110926_0019_2,car,456,684,736,187,248,3172
110926_0019_3,car,456,655,700,190,250,2700
110926_0019_4,car,456,801,840,162,203,1599
110926_0019_5,person,456,579,614,212,250,1330
110926_0019_6,truck,456,802,838,162,203,1476
110926_0019_0,car,457,329,684,195,367,61060
110926_0019_1,car,457,708,819,186,265,8769
110926_0019_2,car,457,654,707,190,254,3392
110926_0019_3,car,457,803,839,161,200,1404
110926_0019_4,car,457,684,733,188,241,2597
110926_0019_5,person,457,554,588,219,254,1190
110926_0019_6,person,457,951,968,163,199,612
110926_0019_0,car,458,277,663,193,369,67936
110926_0019_1,car,458,698,818,187,269,9840
110926_0019_2,car,458,606,707,187,259,7272
110926_0019_3,car,458,803,839,161,200,1404
110926_0019_4,car,458,684,728,186,220,1496
110926_0019_5,car,458,649,724,188,252,4800
110926_0019_6,person,458,528,563,221,258,1295
110926_0019_0,car,459,691,817,189,273,10584
110926_0019_1,car,459,600,705,189,263,7770
110926_0019_2,car,459,217,652,196,371,76125
110926_0019_3,car,459,802,839,161,200,1443
110926_0019_4,person,459,951,970,163,199,684
110926_0019_0,car,460,165,623,191,369,81524
110926_0019_1,car,460,683,816,188,277,11837
110926_0019_2,car,460,589,705,188,266,9048
110926_0019_3,car,460,802,841,161,200,1521
110926_0019_4,car,460,803,855,194,225,1612
110926_0019_0,car,461,666,809,188,281,13299
110926_0019_1,car,461,575,703,189,264,9600
110926_0019_2,car,461,96,601,189,373,92920
110926_0019_3,car,461,801,842,162,201,1599
110926_0019_4,car,461,831,856,176,196,500
110926_0019_0,car,462,660,806,189,285,14016
110926_0019_1,car,462,15,572,188,372,102488
110926_0019_2,car,462,569,700,189,265,9956
110926_0019_3,car,462,800,837,162,203,1517
110926_0019_4,car,462,830,856,177,195,468
110926_0019_0,car,463,648,801,188,288,15300
110926_0019_1,car,463,567,686,189,265,9044
110926_0019_2,car,463,7,546,190,375,99715
110926_0019_3,car,463,800,837,162,204,1554
110926_0019_4,car,463,831,854,176,195,437
110926_0019_0,car,464,637,797,189,293,16640
110926_0019_1,car,464,568,683,189,264,8625
110926_0019_2,car,464,11,512,190,375,92685
110926_0019_3,car,464,799,836,163,203,1480
110926_0019_4,car,464,833,855,176,194,396
110926_0019_0,car,465,614,788,189,297,18792
110926_0019_1,car,465,567,672,189,267,8190
110926_0019_2,car,465,5,480,195,371,83600
110926_0019_3,car,465,800,836,163,202,1404
110926_0019_0,car,466,599,780,191,300,19729
110926_0019_1,car,466,6,438,194,373,77328
110926_0019_2,car,466,566,668,191,266,7650
110926_0019_3,car,466,799,834,164,201,1295
110926_0019_0,car,467,567,772,189,308,24395
110926_0019_1,car,467,4,385,198,374,67056
110926_0019_2,car,467,800,834,165,202,1258
110926_0019_3,car,467,809,843,177,202,850
110926_0019_4,car,467,832,853,177,194,357
110926_0019_0,car,468,557,765,187,312,26000
110926_0019_1,car,468,3,325,201,371,54740
110926_0019_2,car,468,798,832,164,201,1258
110926_0019_3,car,468,832,855,178,194,368
110926_0019_4,car,468,809,843,172,198,884
110926_0019_0,car,469,529,752,190,318,28544
110926_0019_1,car,469,3,252,204,372,41832
110926_0019_2,car,469,796,830,163,201,1292
110926_0019_3,car,469,725,778,185,224,2067
110926_0019_4,car,469,831,854,178,193,345
110926_0019_0,car,470,503,742,192,325,31787
110926_0019_1,car,470,2,149,236,370,19698
110926_0019_2,car,470,728,777,187,224,1813
110926_0019_3,car,470,794,828,163,203,1360
110926_0019_4,car,470,829,852,179,195,368
110926_0019_0,car,471,470,733,195,331,35768
110926_0019_1,car,471,724,772,186,226,1920
110926_0019_2,car,471,792,827,164,202,1330
110926_0019_3,car,471,681,742,191,238,2867
110926_0019_4,person,471,630,660,208,243,1050
110926_0019_0,car,472,440,719,195,339,40176
110926_0019_1,car,472,672,740,192,247,3740
110926_0019_2,car,472,725,773,188,226,1824
110926_0019_3,car,472,795,830,174,205,1085
110926_0019_0,car,473,404,699,197,346,43955
110926_0019_1,car,473,666,735,192,248,3864
110926_0019_2,car,473,722,772,189,226,1850
110926_0019_3,car,473,787,821,170,209,1326
110926_0019_0,car,474,364,685,197,354,50397
110926_0019_1,car,474,671,734,193,249,3528
110926_0019_2,car,474,634,698,195,256,3904
110926_0019_3,car,474,720,769,191,228,1813
110926_0019_4,car,474,781,821,171,211,1600
110926_0019_0,car,475,321,663,198,361,55746
110926_0019_1,car,475,669,731,193,248,3410
110926_0019_2,car,475,604,684,195,263,5440
110926_0019_3,car,475,720,763,193,231,1634
110926_0019_4,car,475,785,818,176,209,1089
110926_0019_0,car,476,269,645,197,369,64672
110926_0019_1,car,476,665,729,193,249,3584
110926_0019_2,car,476,584,680,194,271,7392
110926_0019_3,car,476,718,759,192,230,1558
110926_0019_4,car,476,778,814,170,209,1404
110926_0019_0,car,477,204,622,200,370,71060
110926_0019_1,car,477,662,727,192,249,3705
110926_0019_2,car,477,569,678,195,276,8829
110926_0019_3,car,477,716,756,192,230,1520
110926_0019_4,car,477,773,814,171,208,1517
110926_0019_5,car,477,754,793,194,218,936
110926_0019_0,car,478,132,601,200,369,79261
110926_0019_1,car,478,559,673,195,282,9918
110926_0019_2,car,478,660,723,194,250,3528
110926_0019_3,car,478,707,754,192,231,1833
110926_0019_4,person,478,943,961,174,213,702
110926_0019_5,car,478,775,819,175,207,1408
110926_0019_0,car,479,43,571,200,371,90288
110926_0019_1,car,479,538,669,196,281,11135
110926_0019_2,car,479,655,721,193,249,3696
110926_0019_3,car,479,703,756,192,231,2067
110926_0019_4,car,479,768,807,172,207,1365
110926_0019_5,car,479,707,793,185,226,3526
110926_0019_6,car,479,800,822,183,203,440
110926_0019_0,car,480,3,549,200,372,93912
110926_0019_1,car,480,522,664,197,284,12354
110926_0019_2,car,480,649,715,193,254,4026
110926_0019_3,car,480,703,751,192,230,1824
110926_0019_4,car,480,767,801,172,210,1292
